"time","AEX ALL-SHARE","volume"
"2025-07-04 18:05","1202.36","0"
"2025-07-07 09:00","1200.91","0"
"2025-07-07 09:01","1200.48","0"
"2025-07-07 09:02","1200.43","0"
"2025-07-07 09:03","1200.38","0"
"2025-07-07 09:04","1200.06","0"
"2025-07-07 09:05","1200.29","0"
"2025-07-07 09:06","1200.09","0"
"2025-07-07 09:07","1200.01","0"
"2025-07-07 09:08","1199.44","0"
"2025-07-07 09:09","1199.53","0"
"2025-07-07 09:10","1199.75","0"
"2025-07-07 09:11","1199.35","0"
"2025-07-07 09:12","1199.45","0"
"2025-07-07 09:13","1199.08","0"
"2025-07-07 09:14","1199.41","0"
"2025-07-07 09:15","1199.07","0"
"2025-07-07 09:16","1199.74","0"
"2025-07-07 09:17","1200.25","0"
"2025-07-07 09:18","1200.02","0"
"2025-07-07 09:19","1200.12","0"
"2025-07-07 09:20","1199.86","0"
"2025-07-07 09:21","1199.93","0"
"2025-07-07 09:22","1200.19","0"
"2025-07-07 09:23","1199.95","0"
"2025-07-07 09:24","1199.46","0"
"2025-07-07 09:25","1198.9","0"
"2025-07-07 09:26","1198.94","0"
"2025-07-07 09:27","1198.71","0"
"2025-07-07 09:28","1198.76","0"
"2025-07-07 09:29","1198.85","0"
"2025-07-07 09:30","1197.96","0"
"2025-07-07 09:31","1198.05","0"
"2025-07-07 09:32","1198.53","0"
"2025-07-07 09:33","1198.65","0"
"2025-07-07 09:34","1198.75","0"
"2025-07-07 09:35","1199.3","0"
"2025-07-07 09:36","1199.34","0"
"2025-07-07 09:37","1199.59","0"
"2025-07-07 09:38","1199.59","0"
"2025-07-07 09:39","1199.49","0"
"2025-07-07 09:40","1199.7","0"
"2025-07-07 09:41","1199.63","0"
"2025-07-07 09:42","1199.83","0"
"2025-07-07 09:43","1199.77","0"
"2025-07-07 09:44","1200.02","0"
"2025-07-07 09:45","1200.36","0"
"2025-07-07 09:46","1200.06","0"
"2025-07-07 09:47","1200.31","0"
"2025-07-07 09:48","1200.19","0"
"2025-07-07 09:49","1200.2","0"
"2025-07-07 09:50","1200.06","0"
"2025-07-07 09:51","1200.52","0"
"2025-07-07 09:52","1200.57","0"
"2025-07-07 09:53","1200.71","0"
"2025-07-07 09:54","1200.91","0"
"2025-07-07 09:55","1200.66","0"
"2025-07-07 09:56","1200.57","0"
"2025-07-07 09:57","1200.59","0"
"2025-07-07 09:58","1200.57","0"
"2025-07-07 09:59","1200.92","0"
"2025-07-07 10:00","1200.78","0"
"2025-07-07 10:01","1200.75","0"
"2025-07-07 10:02","1200.59","0"
"2025-07-07 10:03","1200.68","0"
"2025-07-07 10:04","1200.53","0"
"2025-07-07 10:05","1200.57","0"
"2025-07-07 10:06","1200.4","0"
"2025-07-07 10:07","1200.29","0"
"2025-07-07 10:08","1200.47","0"
"2025-07-07 10:09","1200.51","0"
"2025-07-07 10:10","1199.83","0"
"2025-07-07 10:11","1199.46","0"
"2025-07-07 10:12","1199.54","0"
"2025-07-07 10:13","1199.49","0"
"2025-07-07 10:14","1199.35","0"
"2025-07-07 10:15","1199.1","0"
"2025-07-07 10:16","1199.29","0"
"2025-07-07 10:17","1199.48","0"
"2025-07-07 10:18","1199.73","0"
"2025-07-07 10:19","1199.68","0"
"2025-07-07 10:20","1199.56","0"
"2025-07-07 10:21","1199.61","0"
"2025-07-07 10:22","1199.72","0"
"2025-07-07 10:23","1199.78","0"
"2025-07-07 10:24","1200.16","0"
"2025-07-07 10:25","1200.05","0"
"2025-07-07 10:26","1200.22","0"
"2025-07-07 10:27","1200.39","0"
"2025-07-07 10:28","1199.99","0"
"2025-07-07 10:29","1199.69","0"
"2025-07-07 10:30","1199.4","0"
"2025-07-07 10:31","1198.92","0"
"2025-07-07 10:32","1199.02","0"
"2025-07-07 10:33","1199.36","0"
"2025-07-07 10:34","1199.76","0"
"2025-07-07 10:35","1199.9","0"
"2025-07-07 10:36","1200.05","0"
"2025-07-07 10:37","1200.2","0"
"2025-07-07 10:38","1200.25","0"
"2025-07-07 10:39","1200.27","0"
"2025-07-07 10:40","1200.16","0"
"2025-07-07 10:41","1200.23","0"
"2025-07-07 10:42","1200.25","0"
"2025-07-07 10:43","1200.76","0"
"2025-07-07 10:44","1200.9","0"
"2025-07-07 10:45","1201.11","0"
"2025-07-07 10:46","1200.94","0"
"2025-07-07 10:47","1201.24","0"
"2025-07-07 10:48","1201.1","0"
"2025-07-07 10:49","1201.17","0"
"2025-07-07 10:50","1201.06","0"
"2025-07-07 10:51","1201.09","0"
"2025-07-07 10:52","1200.91","0"
"2025-07-07 10:53","1201.48","0"
"2025-07-07 10:54","1201.47","0"
"2025-07-07 10:55","1201.6","0"
"2025-07-07 10:56","1201.97","0"
"2025-07-07 10:57","1202.07","0"
"2025-07-07 10:58","1202.2","0"
"2025-07-07 10:59","1202.09","0"
"2025-07-07 11:00","1202.06","0"
"2025-07-07 11:01","1202.11","0"
"2025-07-07 11:02","1201.73","0"
"2025-07-07 11:03","1201.79","0"
"2025-07-07 11:04","1202.45","0"
"2025-07-07 11:05","1202.52","0"
"2025-07-07 11:06","1202.64","0"
"2025-07-07 11:07","1202.54","0"
"2025-07-07 11:08","1202.58","0"
"2025-07-07 11:09","1202.71","0"
"2025-07-07 11:10","1202.8","0"
"2025-07-07 11:11","1202.87","0"
"2025-07-07 11:12","1202.81","0"
"2025-07-07 11:13","1203.37","0"
"2025-07-07 11:14","1203.39","0"
"2025-07-07 11:15","1203.45","0"
"2025-07-07 11:16","1203.08","0"
"2025-07-07 11:17","1203.15","0"
"2025-07-07 11:18","1203.38","0"
"2025-07-07 11:19","1203.63","0"
"2025-07-07 11:20","1203.45","0"
"2025-07-07 11:21","1203.3","0"
"2025-07-07 11:22","1203.22","0"
"2025-07-07 11:23","1203.05","0"
"2025-07-07 11:24","1203.08","0"
"2025-07-07 11:25","1202.97","0"
"2025-07-07 11:26","1202.76","0"
"2025-07-07 11:27","1202.94","0"
"2025-07-07 11:28","1202.96","0"
"2025-07-07 11:29","1202.69","0"
"2025-07-07 11:30","1202.86","0"
"2025-07-07 11:31","1202.74","0"
"2025-07-07 11:32","1202.44","0"
"2025-07-07 11:33","1202.62","0"
"2025-07-07 11:34","1202.57","0"
"2025-07-07 11:35","1202.78","0"
"2025-07-07 11:36","1202.69","0"
"2025-07-07 11:37","1202.65","0"
"2025-07-07 11:38","1202.92","0"
"2025-07-07 11:39","1202.74","0"
"2025-07-07 11:40","1202.75","0"
"2025-07-07 11:41","1202.88","0"
"2025-07-07 11:42","1202.87","0"
"2025-07-07 11:43","1202.63","0"
"2025-07-07 11:44","1202.67","0"
"2025-07-07 11:45","1202.46","0"
"2025-07-07 11:46","1202.35","0"
"2025-07-07 11:47","1202.29","0"
"2025-07-07 11:48","1202.51","0"
"2025-07-07 11:49","1202.91","0"
"2025-07-07 11:50","1202.78","0"
"2025-07-07 11:51","1203.03","0"
"2025-07-07 11:52","1203.09","0"
"2025-07-07 11:53","1203.36","0"
"2025-07-07 11:54","1203.47","0"
"2025-07-07 11:55","1203.49","0"
"2025-07-07 11:56","1203.49","0"
"2025-07-07 11:57","1203.65","0"
"2025-07-07 11:58","1203.74","0"
"2025-07-07 11:59","1204.01","0"
"2025-07-07 12:00","1203.77","0"
"2025-07-07 12:01","1203.6","0"
"2025-07-07 12:02","1203.29","0"
"2025-07-07 12:03","1203.16","0"
"2025-07-07 12:04","1203.4","0"
"2025-07-07 12:05","1203.39","0"
"2025-07-07 12:06","1203.28","0"
"2025-07-07 12:07","1203.12","0"
"2025-07-07 12:08","1203.18","0"
"2025-07-07 12:09","1203.33","0"
"2025-07-07 12:10","1203.25","0"
"2025-07-07 12:11","1203.05","0"
"2025-07-07 12:12","1203.56","0"
"2025-07-07 12:13","1203.96","0"
"2025-07-07 12:14","1204.02","0"
"2025-07-07 12:15","1203.96","0"
"2025-07-07 12:16","1203.56","0"
"2025-07-07 12:17","1203.64","0"
"2025-07-07 12:18","1203.7","0"
"2025-07-07 12:19","1203.65","0"
"2025-07-07 12:20","1203.61","0"
"2025-07-07 12:21","1203.47","0"
"2025-07-07 12:22","1203.58","0"
"2025-07-07 12:23","1203.7","0"
"2025-07-07 12:24","1203.65","0"
"2025-07-07 12:25","1203.63","0"
"2025-07-07 12:26","1203.86","0"
"2025-07-07 12:27","1203.81","0"
"2025-07-07 12:28","1203.77","0"
"2025-07-07 12:29","1203.76","0"
"2025-07-07 12:30","1203.63","0"
"2025-07-07 12:31","1203.41","0"
"2025-07-07 12:32","1203.49","0"
"2025-07-07 12:33","1203.56","0"
"2025-07-07 12:34","1203.53","0"
"2025-07-07 12:35","1203.62","0"
"2025-07-07 12:36","1203.79","0"
"2025-07-07 12:37","1203.68","0"
"2025-07-07 12:38","1203.68","0"
"2025-07-07 12:39","1203.7","0"
"2025-07-07 12:40","1203.61","0"
"2025-07-07 12:41","1203.67","0"
"2025-07-07 12:42","1203.61","0"
"2025-07-07 12:43","1203.72","0"
"2025-07-07 12:44","1204.03","0"
"2025-07-07 12:45","1204.06","0"
"2025-07-07 12:46","1204.06","0"
"2025-07-07 12:47","1204.15","0"
"2025-07-07 12:48","1204.06","0"
"2025-07-07 12:49","1204.04","0"
"2025-07-07 12:50","1204.07","0"
"2025-07-07 12:51","1204.18","0"
"2025-07-07 12:52","1204.56","0"
"2025-07-07 12:53","1204.71","0"
"2025-07-07 12:54","1204.81","0"
"2025-07-07 12:55","1204.89","0"
"2025-07-07 12:56","1204.95","0"
"2025-07-07 12:57","1205.02","0"
"2025-07-07 12:58","1204.86","0"
"2025-07-07 12:59","1204.84","0"
"2025-07-07 13:00","1205.11","0"
"2025-07-07 13:01","1205.13","0"
"2025-07-07 13:02","1205.24","0"
"2025-07-07 13:03","1205.14","0"
"2025-07-07 13:04","1205.26","0"
"2025-07-07 13:05","1205.41","0"
"2025-07-07 13:06","1205.29","0"
"2025-07-07 13:07","1205.02","0"
"2025-07-07 13:08","1204.87","0"
"2025-07-07 13:09","1205.15","0"
"2025-07-07 13:10","1205.32","0"
"2025-07-07 13:11","1205.71","0"
"2025-07-07 13:12","1205.76","0"
"2025-07-07 13:13","1205.76","0"
"2025-07-07 13:14","1205.61","0"
"2025-07-07 13:15","1205.43","0"
"2025-07-07 13:16","1205.29","0"
"2025-07-07 13:17","1205.31","0"
"2025-07-07 13:18","1205.52","0"
"2025-07-07 13:19","1205.57","0"
"2025-07-07 13:20","1205.54","0"
"2025-07-07 13:21","1205.65","0"
"2025-07-07 13:22","1205.65","0"
"2025-07-07 13:23","1205.66","0"
"2025-07-07 13:24","1205.87","0"
"2025-07-07 13:25","1206","0"
"2025-07-07 13:26","1205.84","0"
"2025-07-07 13:27","1205.8","0"
"2025-07-07 13:28","1205.8","0"
"2025-07-07 13:29","1205.86","0"
"2025-07-07 13:30","1205.8","0"
"2025-07-07 13:31","1205.6","0"
"2025-07-07 13:32","1205.47","0"
"2025-07-07 13:33","1205.48","0"
"2025-07-07 13:34","1205.64","0"
"2025-07-07 13:35","1205.59","0"
"2025-07-07 13:36","1205.51","0"
"2025-07-07 13:37","1205.52","0"
"2025-07-07 13:38","1205.5","0"
"2025-07-07 13:39","1205.52","0"
"2025-07-07 13:40","1205.44","0"
"2025-07-07 13:41","1205.42","0"
"2025-07-07 13:42","1205.8","0"
"2025-07-07 13:43","1205.94","0"
"2025-07-07 13:44","1205.91","0"
"2025-07-07 13:45","1205.71","0"
"2025-07-07 13:46","1205.76","0"
"2025-07-07 13:47","1206.09","0"
"2025-07-07 13:48","1206.27","0"
"2025-07-07 13:49","1206.4","0"
"2025-07-07 13:50","1206.52","0"
"2025-07-07 13:51","1206.53","0"
"2025-07-07 13:52","1206.56","0"
"2025-07-07 13:53","1206.4","0"
"2025-07-07 13:54","1206.55","0"
"2025-07-07 13:55","1206.55","0"
"2025-07-07 13:56","1206.64","0"
"2025-07-07 13:57","1206.68","0"
"2025-07-07 13:58","1206.88","0"
"2025-07-07 13:59","1207.18","0"
"2025-07-07 14:00","1206.99","0"
"2025-07-07 14:01","1206.94","0"
"2025-07-07 14:02","1207.33","0"
"2025-07-07 14:03","1207.02","0"
"2025-07-07 14:04","1206.95","0"
"2025-07-07 14:05","1206.96","0"
"2025-07-07 14:06","1206.97","0"
"2025-07-07 14:07","1207.02","0"
"2025-07-07 14:08","1207.14","0"
"2025-07-07 14:09","1207.1","0"
"2025-07-07 14:10","1206.87","0"
"2025-07-07 14:11","1206.87","0"
"2025-07-07 14:12","1207.05","0"
"2025-07-07 14:13","1207.11","0"
"2025-07-07 14:14","1207.18","0"
"2025-07-07 14:15","1207.22","0"
"2025-07-07 14:16","1207.18","0"
"2025-07-07 14:17","1206.73","0"
"2025-07-07 14:18","1206.75","0"
"2025-07-07 14:19","1206.91","0"
"2025-07-07 14:20","1206.78","0"
"2025-07-07 14:21","1206.92","0"
"2025-07-07 14:22","1206.94","0"
"2025-07-07 14:23","1206.93","0"
"2025-07-07 14:24","1207.04","0"
"2025-07-07 14:25","1207.07","0"
"2025-07-07 14:26","1207.25","0"
"2025-07-07 14:27","1207.44","0"
"2025-07-07 14:28","1207.7","0"
"2025-07-07 14:29","1207.7","0"
"2025-07-07 14:30","1207.74","0"
"2025-07-07 14:31","1207.67","0"
"2025-07-07 14:32","1207.83","0"
"2025-07-07 14:33","1208.02","0"
"2025-07-07 14:34","1208.03","0"
"2025-07-07 14:35","1207.84","0"
"2025-07-07 14:36","1207.58","0"
"2025-07-07 14:37","1207.46","0"
"2025-07-07 14:38","1207.68","0"
"2025-07-07 14:39","1207.57","0"
"2025-07-07 14:40","1207.46","0"
"2025-07-07 14:41","1207.37","0"
"2025-07-07 14:42","1207.19","0"
"2025-07-07 14:43","1207.28","0"
"2025-07-07 14:44","1207.42","0"
"2025-07-07 14:45","1207.12","0"
"2025-07-07 14:46","1207.15","0"
"2025-07-07 14:47","1207.07","0"
"2025-07-07 14:48","1207.25","0"
"2025-07-07 14:49","1206.96","0"
"2025-07-07 14:50","1206.95","0"
"2025-07-07 14:51","1206.87","0"
"2025-07-07 14:52","1206.86","0"
"2025-07-07 14:53","1207.16","0"
"2025-07-07 14:54","1207.19","0"
"2025-07-07 14:55","1207.08","0"
"2025-07-07 14:56","1207.19","0"
"2025-07-07 14:57","1207.16","0"
"2025-07-07 14:58","1207.02","0"
"2025-07-07 14:59","1206.99","0"
"2025-07-07 15:00","1207.09","0"
"2025-07-07 15:01","1207.16","0"
"2025-07-07 15:02","1206.85","0"
"2025-07-07 15:03","1206.84","0"
"2025-07-07 15:04","1206.55","0"
"2025-07-07 15:05","1206.2","0"
"2025-07-07 15:06","1206.23","0"
"2025-07-07 15:07","1206.18","0"
"2025-07-07 15:08","1206.08","0"
"2025-07-07 15:09","1206.08","0"
"2025-07-07 15:10","1206.06","0"
"2025-07-07 15:11","1206.09","0"
"2025-07-07 15:12","1205.85","0"
"2025-07-07 15:13","1205.92","0"
"2025-07-07 15:14","1205.92","0"
"2025-07-07 15:15","1205.65","0"
"2025-07-07 15:16","1205.83","0"
"2025-07-07 15:17","1206.16","0"
"2025-07-07 15:18","1206.16","0"
"2025-07-07 15:19","1206.19","0"
"2025-07-07 15:20","1206.19","0"
"2025-07-07 15:21","1206.2","0"
"2025-07-07 15:22","1206.21","0"
"2025-07-07 15:23","1206.12","0"
"2025-07-07 15:24","1205.79","0"
"2025-07-07 15:25","1206.42","0"
"2025-07-07 15:26","1206.42","0"
"2025-07-07 15:27","1206.59","0"
"2025-07-07 15:28","1206.75","0"
"2025-07-07 15:29","1206.56","0"
"2025-07-07 15:30","1207.61","0"
"2025-07-07 15:31","1208.27","0"
"2025-07-07 15:32","1208.57","0"
"2025-07-07 15:33","1208.46","0"
"2025-07-07 15:34","1208.89","0"
"2025-07-07 15:35","1209.59","0"
"2025-07-07 15:36","1208.91","0"
"2025-07-07 15:37","1209.44","0"
"2025-07-07 15:38","1209.57","0"
"2025-07-07 15:39","1209.27","0"
"2025-07-07 15:40","1209.98","0"
"2025-07-07 15:41","1210.3","0"
"2025-07-07 15:42","1210.38","0"
"2025-07-07 15:43","1210.23","0"
"2025-07-07 15:44","1210","0"
"2025-07-07 15:45","1209.97","0"
"2025-07-07 15:46","1209.86","0"
"2025-07-07 15:47","1209.9","0"
"2025-07-07 15:48","1210.25","0"
"2025-07-07 15:49","1210.78","0"
"2025-07-07 15:50","1210.57","0"
"2025-07-07 15:51","1210.61","0"
"2025-07-07 15:52","1210.7","0"
"2025-07-07 15:53","1210.83","0"
"2025-07-07 15:54","1211.13","0"
"2025-07-07 15:55","1210.75","0"
"2025-07-07 15:56","1210.75","0"
"2025-07-07 15:57","1211.07","0"
"2025-07-07 15:58","1211.17","0"
"2025-07-07 15:59","1210.84","0"
"2025-07-07 16:00","1210.86","0"
"2025-07-07 16:01","1211.2","0"
"2025-07-07 16:02","1210.9","0"
"2025-07-07 16:03","1210.96","0"
"2025-07-07 16:04","1210.86","0"
"2025-07-07 16:05","1210.8","0"
"2025-07-07 16:06","1210.62","0"
"2025-07-07 16:07","1210.85","0"
"2025-07-07 16:08","1210.46","0"
"2025-07-07 16:09","1210.65","0"
"2025-07-07 16:10","1210.72","0"
"2025-07-07 16:11","1210.67","0"
"2025-07-07 16:12","1210.94","0"
"2025-07-07 16:13","1210.71","0"
"2025-07-07 16:14","1210.86","0"
"2025-07-07 16:15","1210.5","0"
"2025-07-07 16:16","1210.62","0"
"2025-07-07 16:17","1210.66","0"
"2025-07-07 16:18","1210.65","0"
"2025-07-07 16:19","1210.72","0"
"2025-07-07 16:20","1210.88","0"
"2025-07-07 16:21","1211.11","0"
"2025-07-07 16:22","1211.05","0"
"2025-07-07 16:23","1211.14","0"
"2025-07-07 16:24","1211.02","0"
"2025-07-07 16:25","1211.3","0"
"2025-07-07 16:26","1210.93","0"
"2025-07-07 16:27","1210.55","0"
"2025-07-07 16:28","1210.25","0"
"2025-07-07 16:29","1210.3","0"
"2025-07-07 16:30","1210.42","0"
"2025-07-07 16:31","1209.96","0"
"2025-07-07 16:32","1209.49","0"
"2025-07-07 16:33","1209.34","0"
"2025-07-07 16:34","1209.19","0"
"2025-07-07 16:35","1209.29","0"
"2025-07-07 16:36","1209.15","0"
"2025-07-07 16:37","1208.95","0"
"2025-07-07 16:38","1209.07","0"
"2025-07-07 16:39","1209.22","0"
"2025-07-07 16:40","1209.27","0"
"2025-07-07 16:41","1209.59","0"
"2025-07-07 16:42","1209.98","0"
"2025-07-07 16:43","1209.96","0"
"2025-07-07 16:44","1210.07","0"
"2025-07-07 16:45","1210.32","0"
"2025-07-07 16:46","1210.45","0"
"2025-07-07 16:47","1210.35","0"
"2025-07-07 16:48","1210.3","0"
"2025-07-07 16:49","1210.41","0"
"2025-07-07 16:50","1210.43","0"
"2025-07-07 16:51","1210.27","0"
"2025-07-07 16:52","1209.95","0"
"2025-07-07 16:53","1209.97","0"
"2025-07-07 16:54","1209.91","0"
"2025-07-07 16:55","1209.59","0"
"2025-07-07 16:56","1209.71","0"
"2025-07-07 16:57","1209.77","0"
"2025-07-07 16:58","1209.79","0"
"2025-07-07 16:59","1209.68","0"
"2025-07-07 17:00","1209.59","0"
"2025-07-07 17:01","1209.74","0"
"2025-07-07 17:02","1209.92","0"
"2025-07-07 17:03","1209.91","0"
"2025-07-07 17:04","1209.81","0"
"2025-07-07 17:05","1209.79","0"
"2025-07-07 17:06","1209.96","0"
"2025-07-07 17:07","1209.99","0"
"2025-07-07 17:08","1209.9","0"
"2025-07-07 17:09","1209.57","0"
"2025-07-07 17:10","1209.65","0"
"2025-07-07 17:11","1210.08","0"
"2025-07-07 17:12","1210.15","0"
"2025-07-07 17:13","1210.11","0"
"2025-07-07 17:14","1210.11","0"
"2025-07-07 17:15","1209.98","0"
"2025-07-07 17:16","1209.77","0"
"2025-07-07 17:17","1209.65","0"
"2025-07-07 17:18","1209.55","0"
"2025-07-07 17:19","1209.72","0"
"2025-07-07 17:20","1209.51","0"
"2025-07-07 17:21","1209.49","0"
"2025-07-07 17:22","1209.31","0"
"2025-07-07 17:23","1209.51","0"
"2025-07-07 17:24","1209.6","0"
"2025-07-07 17:25","1209.52","0"
"2025-07-07 17:26","1209.69","0"
"2025-07-07 17:27","1209.53","0"
"2025-07-07 17:28","1209.4","0"
"2025-07-07 17:29","1209.59","0"
"2025-07-07 17:30","1209.51","0"
"2025-07-07 17:35","1209.7","0"
"2025-07-07 18:00","1209.7","0"
"2025-07-07 18:05","1209.7","0"
"2025-07-08 09:00","1209.49","0"
"2025-07-08 09:01","1208.67","0"
"2025-07-08 09:02","1207.69","0"
"2025-07-08 09:03","1207.79","0"
"2025-07-08 09:04","1207.74","0"
"2025-07-08 09:05","1207.91","0"
"2025-07-08 09:06","1207.54","0"
"2025-07-08 09:07","1207.68","0"
"2025-07-08 09:08","1207.03","0"
"2025-07-08 09:09","1206.64","0"
"2025-07-08 09:10","1206.74","0"
"2025-07-08 09:11","1206.79","0"
"2025-07-08 09:12","1207.18","0"
"2025-07-08 09:13","1206.95","0"
"2025-07-08 09:14","1206.57","0"
"2025-07-08 09:15","1206.98","0"
"2025-07-08 09:16","1207.3","0"
"2025-07-08 09:17","1206.72","0"
"2025-07-08 09:18","1206.34","0"
"2025-07-08 09:19","1206.92","0"
"2025-07-08 09:20","1207.08","0"
"2025-07-08 09:21","1207.24","0"
"2025-07-08 09:22","1207.07","0"
"2025-07-08 09:23","1207.46","0"
"2025-07-08 09:24","1207.53","0"
"2025-07-08 09:25","1207.97","0"
"2025-07-08 09:26","1208.03","0"
"2025-07-08 09:27","1208","0"
"2025-07-08 09:28","1207.74","0"
"2025-07-08 09:29","1207.73","0"
"2025-07-08 09:30","1208.02","0"
"2025-07-08 09:31","1207.6","0"
"2025-07-08 09:32","1207.67","0"
"2025-07-08 09:33","1207.62","0"
"2025-07-08 09:34","1207.62","0"
"2025-07-08 09:35","1207.47","0"
"2025-07-08 09:36","1207.67","0"
"2025-07-08 09:37","1207.87","0"
"2025-07-08 09:38","1207.81","0"
"2025-07-08 09:39","1207.88","0"
"2025-07-08 09:40","1207.72","0"
"2025-07-08 09:41","1207.73","0"
"2025-07-08 09:42","1207.72","0"
"2025-07-08 09:43","1207.26","0"
"2025-07-08 09:44","1207.48","0"
"2025-07-08 09:45","1207.45","0"
"2025-07-08 09:46","1207.86","0"
"2025-07-08 09:47","1207.77","0"
"2025-07-08 09:48","1207.81","0"
"2025-07-08 09:49","1207.74","0"
"2025-07-08 09:50","1208","0"
"2025-07-08 09:51","1208.26","0"
"2025-07-08 09:52","1208.34","0"
"2025-07-08 09:53","1208.35","0"
"2025-07-08 09:54","1208.35","0"
"2025-07-08 09:55","1208.62","0"
"2025-07-08 09:56","1208.53","0"
"2025-07-08 09:57","1208.52","0"
"2025-07-08 09:58","1208.33","0"
"2025-07-08 09:59","1208.59","0"
"2025-07-08 10:00","1208.27","0"
"2025-07-08 10:01","1208.13","0"
"2025-07-08 10:02","1208.11","0"
"2025-07-08 10:03","1207.89","0"
"2025-07-08 10:04","1207.54","0"
"2025-07-08 10:05","1207.64","0"
"2025-07-08 10:06","1207.7","0"
"2025-07-08 10:07","1207.6","0"
"2025-07-08 10:08","1207.67","0"
"2025-07-08 10:09","1207.77","0"
"2025-07-08 10:10","1207.59","0"
"2025-07-08 10:11","1207.56","0"
"2025-07-08 10:12","1207.69","0"
"2025-07-08 10:13","1207.71","0"
"2025-07-08 10:14","1207.8","0"
"2025-07-08 10:15","1207.91","0"
"2025-07-08 10:16","1207.84","0"
"2025-07-08 10:17","1207.91","0"
"2025-07-08 10:18","1207.91","0"
"2025-07-08 10:19","1207.9","0"
"2025-07-08 10:20","1207.88","0"
"2025-07-08 10:21","1207.48","0"
"2025-07-08 10:22","1207.36","0"
"2025-07-08 10:23","1207.44","0"
"2025-07-08 10:24","1207.56","0"
"2025-07-08 10:25","1207.61","0"
"2025-07-08 10:26","1207.18","0"
"2025-07-08 10:27","1207.26","0"
"2025-07-08 10:28","1207.16","0"
"2025-07-08 10:29","1207.16","0"
"2025-07-08 10:30","1206.85","0"
"2025-07-08 10:31","1207.01","0"
"2025-07-08 10:32","1207.09","0"
"2025-07-08 10:33","1207.18","0"
"2025-07-08 10:34","1207.08","0"
"2025-07-08 10:35","1207","0"
"2025-07-08 10:36","1206.97","0"
"2025-07-08 10:37","1206.88","0"
"2025-07-08 10:38","1207.07","0"
"2025-07-08 10:39","1206.99","0"
"2025-07-08 10:40","1207.29","0"
"2025-07-08 10:41","1207.28","0"
"2025-07-08 10:42","1207.16","0"
"2025-07-08 10:43","1207.04","0"
"2025-07-08 10:44","1206.64","0"
"2025-07-08 10:45","1206.45","0"
"2025-07-08 10:46","1206.45","0"
"2025-07-08 10:47","1206.69","0"
"2025-07-08 10:48","1206.75","0"
"2025-07-08 10:49","1206.74","0"
"2025-07-08 10:50","1206.64","0"
"2025-07-08 10:51","1206.91","0"
"2025-07-08 10:52","1206.74","0"
"2025-07-08 10:53","1206.73","0"
"2025-07-08 10:54","1206.85","0"
"2025-07-08 10:55","1206.85","0"
"2025-07-08 10:56","1207.07","0"
"2025-07-08 10:57","1207.29","0"
"2025-07-08 10:58","1207.39","0"
"2025-07-08 10:59","1207.41","0"
"2025-07-08 11:00","1207.27","0"
"2025-07-08 11:01","1207.34","0"
"2025-07-08 11:02","1207.4","0"
"2025-07-08 11:03","1207.26","0"
"2025-07-08 11:04","1207.28","0"
"2025-07-08 11:05","1207.27","0"
"2025-07-08 11:06","1207.47","0"
"2025-07-08 11:07","1207.7","0"
"2025-07-08 11:08","1207.71","0"
"2025-07-08 11:09","1207.74","0"
"2025-07-08 11:10","1207.7","0"
"2025-07-08 11:11","1207.66","0"
"2025-07-08 11:12","1207.8","0"
"2025-07-08 11:13","1207.56","0"
"2025-07-08 11:14","1207.7","0"
"2025-07-08 11:15","1207.72","0"
"2025-07-08 11:16","1207.68","0"
"2025-07-08 11:17","1207.84","0"
"2025-07-08 11:18","1207.89","0"
"2025-07-08 11:19","1207.87","0"
"2025-07-08 11:20","1207.83","0"
"2025-07-08 11:21","1207.63","0"
"2025-07-08 11:22","1207.25","0"
"2025-07-08 11:23","1207.24","0"
"2025-07-08 11:24","1207.25","0"
"2025-07-08 11:25","1207.46","0"
"2025-07-08 11:26","1207.56","0"
"2025-07-08 11:27","1207.47","0"
"2025-07-08 11:28","1207.37","0"
"2025-07-08 11:29","1207.44","0"
"2025-07-08 11:30","1207.34","0"
"2025-07-08 11:31","1207.42","0"
"2025-07-08 11:32","1207.26","0"
"2025-07-08 11:33","1207.26","0"
"2025-07-08 11:34","1207.27","0"
"2025-07-08 11:35","1207.15","0"
"2025-07-08 11:36","1206.95","0"
"2025-07-08 11:37","1206.95","0"
"2025-07-08 11:38","1207.03","0"
"2025-07-08 11:39","1206.99","0"
"2025-07-08 11:40","1207.04","0"
"2025-07-08 11:41","1206.79","0"
"2025-07-08 11:42","1206.93","0"
"2025-07-08 11:43","1206.98","0"
"2025-07-08 11:44","1206.93","0"
"2025-07-08 11:45","1207.02","0"
"2025-07-08 11:46","1207.21","0"
"2025-07-08 11:47","1207.08","0"
"2025-07-08 11:48","1206.95","0"
"2025-07-08 11:49","1206.84","0"
"2025-07-08 11:50","1206.75","0"
"2025-07-08 11:51","1206.59","0"
"2025-07-08 11:52","1206.65","0"
"2025-07-08 11:53","1206.36","0"
"2025-07-08 11:54","1206.16","0"
"2025-07-08 11:55","1206.16","0"
"2025-07-08 11:56","1206.13","0"
"2025-07-08 11:57","1206.21","0"
"2025-07-08 11:58","1206.08","0"
"2025-07-08 11:59","1206.11","0"
"2025-07-08 12:00","1206.1","0"
"2025-07-08 12:01","1205.89","0"
"2025-07-08 12:02","1206.05","0"
"2025-07-08 12:03","1205.75","0"
"2025-07-08 12:04","1205.66","0"
"2025-07-08 12:05","1205.84","0"
"2025-07-08 12:06","1205.92","0"
"2025-07-08 12:07","1206","0"
"2025-07-08 12:08","1205.88","0"
"2025-07-08 12:09","1205.8","0"
"2025-07-08 12:10","1205.87","0"
"2025-07-08 12:11","1205.97","0"
"2025-07-08 12:12","1206.07","0"
"2025-07-08 12:13","1206.03","0"
"2025-07-08 12:14","1206","0"
"2025-07-08 12:15","1205.98","0"
"2025-07-08 12:16","1206.01","0"
"2025-07-08 12:17","1206.52","0"
"2025-07-08 12:18","1206.68","0"
"2025-07-08 12:19","1206.76","0"
"2025-07-08 12:20","1206.78","0"
"2025-07-08 12:21","1206.78","0"
"2025-07-08 12:22","1206.65","0"
"2025-07-08 12:23","1206.68","0"
"2025-07-08 12:24","1206.59","0"
"2025-07-08 12:25","1206.43","0"
"2025-07-08 12:26","1206.36","0"
"2025-07-08 12:27","1206.39","0"
"2025-07-08 12:28","1206.48","0"
"2025-07-08 12:29","1206.54","0"
"2025-07-08 12:30","1206.57","0"
"2025-07-08 12:31","1206.81","0"
"2025-07-08 12:32","1206.82","0"
"2025-07-08 12:33","1206.67","0"
"2025-07-08 12:34","1206.73","0"
"2025-07-08 12:35","1206.69","0"
"2025-07-08 12:36","1206.79","0"
"2025-07-08 12:37","1206.57","0"
"2025-07-08 12:38","1206.32","0"
"2025-07-08 12:39","1206.44","0"
"2025-07-08 12:40","1206.41","0"
"2025-07-08 12:41","1206.42","0"
"2025-07-08 12:42","1206.47","0"
"2025-07-08 12:43","1206.56","0"
"2025-07-08 12:44","1206.59","0"
"2025-07-08 12:45","1206.67","0"
"2025-07-08 12:46","1206.49","0"
"2025-07-08 12:47","1206.59","0"
"2025-07-08 12:48","1206.56","0"
"2025-07-08 12:49","1206.86","0"
"2025-07-08 12:50","1206.75","0"
"2025-07-08 12:51","1206.66","0"
"2025-07-08 12:52","1206.59","0"
"2025-07-08 12:53","1206.61","0"
"2025-07-08 12:54","1206.54","0"
"2025-07-08 12:55","1206.35","0"
"2025-07-08 12:56","1206.36","0"
"2025-07-08 12:57","1206.33","0"
"2025-07-08 12:58","1206.21","0"
"2025-07-08 12:59","1206.25","0"
"2025-07-08 13:00","1206.3","0"
"2025-07-08 13:01","1206.16","0"
"2025-07-08 13:02","1205.96","0"
"2025-07-08 13:03","1205.93","0"
"2025-07-08 13:04","1205.92","0"
"2025-07-08 13:05","1205.9","0"
"2025-07-08 13:06","1205.81","0"
"2025-07-08 13:07","1205.69","0"
"2025-07-08 13:08","1205.63","0"
"2025-07-08 13:09","1205.65","0"
"2025-07-08 13:10","1205.8","0"
"2025-07-08 13:11","1205.82","0"
"2025-07-08 13:12","1205.69","0"
"2025-07-08 13:13","1205.69","0"
"2025-07-08 13:14","1205.83","0"
"2025-07-08 13:15","1205.78","0"
"2025-07-08 13:16","1205.89","0"
"2025-07-08 13:17","1205.82","0"
"2025-07-08 13:18","1205.87","0"
"2025-07-08 13:19","1205.84","0"
"2025-07-08 13:20","1205.95","0"
"2025-07-08 13:21","1206.12","0"
"2025-07-08 13:22","1206.09","0"
"2025-07-08 13:23","1206.05","0"
"2025-07-08 13:24","1206.16","0"
"2025-07-08 13:25","1206.03","0"
"2025-07-08 13:26","1206.12","0"
"2025-07-08 13:27","1206.27","0"
"2025-07-08 13:28","1206.14","0"
"2025-07-08 13:29","1206.23","0"
"2025-07-08 13:30","1206.26","0"
"2025-07-08 13:31","1206.21","0"
"2025-07-08 13:32","1206.18","0"
"2025-07-08 13:33","1206.24","0"
"2025-07-08 13:34","1206.29","0"
"2025-07-08 13:35","1206.16","0"
"2025-07-08 13:36","1206.19","0"
"2025-07-08 13:37","1206.3","0"
"2025-07-08 13:38","1206.34","0"
"2025-07-08 13:39","1206.42","0"
"2025-07-08 13:40","1206.45","0"
"2025-07-08 13:41","1206.59","0"
"2025-07-08 13:42","1206.57","0"
"2025-07-08 13:43","1206.74","0"
"2025-07-08 13:44","1206.82","0"
"2025-07-08 13:45","1206.86","0"
"2025-07-08 13:46","1207.02","0"
"2025-07-08 13:47","1207.1","0"
"2025-07-08 13:48","1207.21","0"
"2025-07-08 13:49","1207.14","0"
"2025-07-08 13:50","1207.08","0"
"2025-07-08 13:51","1207.14","0"
"2025-07-08 13:52","1207.06","0"
"2025-07-08 13:53","1207.19","0"
"2025-07-08 13:54","1207.2","0"
"2025-07-08 13:55","1207.16","0"
"2025-07-08 13:56","1207.14","0"
"2025-07-08 13:57","1207.02","0"
"2025-07-08 13:58","1206.92","0"
"2025-07-08 13:59","1207.02","0"
"2025-07-08 14:00","1206.78","0"
"2025-07-08 14:01","1206.73","0"
"2025-07-08 14:02","1206.49","0"
"2025-07-08 14:03","1206.65","0"
"2025-07-08 14:04","1206.86","0"
"2025-07-08 14:05","1206.62","0"
"2025-07-08 14:06","1206.61","0"
"2025-07-08 14:07","1206.5","0"
"2025-07-08 14:08","1206.47","0"
"2025-07-08 14:09","1206.45","0"
"2025-07-08 14:10","1206.47","0"
"2025-07-08 14:11","1206.25","0"
"2025-07-08 14:12","1206.22","0"
"2025-07-08 14:13","1206.29","0"
"2025-07-08 14:14","1206.41","0"
"2025-07-08 14:15","1206.48","0"
"2025-07-08 14:16","1206.49","0"
"2025-07-08 14:17","1206.33","0"
"2025-07-08 14:18","1206.35","0"
"2025-07-08 14:19","1206.21","0"
"2025-07-08 14:20","1206.08","0"
"2025-07-08 14:21","1206.01","0"
"2025-07-08 14:22","1206.21","0"
"2025-07-08 14:23","1206.09","0"
"2025-07-08 14:24","1206.11","0"
"2025-07-08 14:25","1205.7","0"
"2025-07-08 14:26","1205.79","0"
"2025-07-08 14:27","1205.82","0"
"2025-07-08 14:28","1205.84","0"
"2025-07-08 14:29","1205.95","0"
"2025-07-08 14:30","1205.9","0"
"2025-07-08 14:31","1205.93","0"
"2025-07-08 14:32","1205.6","0"
"2025-07-08 14:33","1205.72","0"
"2025-07-08 14:34","1205.92","0"
"2025-07-08 14:35","1205.85","0"
"2025-07-08 14:36","1205.87","0"
"2025-07-08 14:37","1206.06","0"
"2025-07-08 14:38","1205.97","0"
"2025-07-08 14:39","1205.67","0"
"2025-07-08 14:40","1205.51","0"
"2025-07-08 14:41","1205.4","0"
"2025-07-08 14:42","1205.31","0"
"2025-07-08 14:43","1205.33","0"
"2025-07-08 14:44","1205.37","0"
"2025-07-08 14:45","1205.5","0"
"2025-07-08 14:46","1205.52","0"
"2025-07-08 14:47","1205.83","0"
"2025-07-08 14:48","1205.72","0"
"2025-07-08 14:49","1205.8","0"
"2025-07-08 14:50","1205.73","0"
"2025-07-08 14:51","1205.82","0"
"2025-07-08 14:52","1205.79","0"
"2025-07-08 14:53","1205.85","0"
"2025-07-08 14:54","1205.75","0"
"2025-07-08 14:55","1205.78","0"
"2025-07-08 14:56","1205.75","0"
"2025-07-08 14:57","1205.76","0"
"2025-07-08 14:58","1205.91","0"
"2025-07-08 14:59","1205.79","0"
"2025-07-08 15:00","1205.78","0"
"2025-07-08 15:01","1205.92","0"
"2025-07-08 15:02","1205.92","0"
"2025-07-08 15:03","1206.04","0"
"2025-07-08 15:04","1206.17","0"
"2025-07-08 15:05","1206.34","0"
"2025-07-08 15:06","1206.52","0"
"2025-07-08 15:07","1206.64","0"
"2025-07-08 15:08","1206.86","0"
"2025-07-08 15:09","1206.93","0"
"2025-07-08 15:10","1206.81","0"
"2025-07-08 15:11","1206.66","0"
"2025-07-08 15:12","1206.85","0"
"2025-07-08 15:13","1206.89","0"
"2025-07-08 15:14","1206.89","0"
"2025-07-08 15:15","1206.87","0"
"2025-07-08 15:16","1206.8","0"
"2025-07-08 15:17","1206.74","0"
"2025-07-08 15:18","1206.88","0"
"2025-07-08 15:19","1207.08","0"
"2025-07-08 15:20","1207.29","0"
"2025-07-08 15:21","1207.4","0"
"2025-07-08 15:22","1207.28","0"
"2025-07-08 15:23","1207.23","0"
"2025-07-08 15:24","1207.49","0"
"2025-07-08 15:25","1207.45","0"
"2025-07-08 15:26","1207.6","0"
"2025-07-08 15:27","1207.64","0"
"2025-07-08 15:28","1207.36","0"
"2025-07-08 15:29","1207.38","0"
"2025-07-08 15:30","1207.39","0"
"2025-07-08 15:31","1206.17","0"
"2025-07-08 15:32","1206.48","0"
"2025-07-08 15:33","1206.43","0"
"2025-07-08 15:34","1206.46","0"
"2025-07-08 15:35","1206.79","0"
"2025-07-08 15:36","1206.98","0"
"2025-07-08 15:37","1207.42","0"
"2025-07-08 15:38","1207.5","0"
"2025-07-08 15:39","1207.4","0"
"2025-07-08 15:40","1207.69","0"
"2025-07-08 15:41","1208.13","0"
"2025-07-08 15:42","1208.82","0"
"2025-07-08 15:43","1208.99","0"
"2025-07-08 15:44","1209.19","0"
"2025-07-08 15:45","1209.86","0"
"2025-07-08 15:46","1210.26","0"
"2025-07-08 15:47","1211.07","0"
"2025-07-08 15:48","1211.46","0"
"2025-07-08 15:49","1211.22","0"
"2025-07-08 15:50","1211.27","0"
"2025-07-08 15:51","1211.42","0"
"2025-07-08 15:52","1211.49","0"
"2025-07-08 15:53","1211.65","0"
"2025-07-08 15:54","1211.61","0"
"2025-07-08 15:55","1211.51","0"
"2025-07-08 15:56","1211.41","0"
"2025-07-08 15:57","1211.12","0"
"2025-07-08 15:58","1210.97","0"
"2025-07-08 15:59","1211.01","0"
"2025-07-08 16:00","1210.83","0"
"2025-07-08 16:01","1210.76","0"
"2025-07-08 16:02","1210.67","0"
"2025-07-08 16:03","1210.29","0"
"2025-07-08 16:04","1210.37","0"
"2025-07-08 16:05","1210.14","0"
"2025-07-08 16:06","1210.07","0"
"2025-07-08 16:07","1210.18","0"
"2025-07-08 16:08","1210.46","0"
"2025-07-08 16:09","1210.96","0"
"2025-07-08 16:10","1211.15","0"
"2025-07-08 16:11","1211.16","0"
"2025-07-08 16:12","1211.67","0"
"2025-07-08 16:13","1211.76","0"
"2025-07-08 16:14","1212.34","0"
"2025-07-08 16:15","1212.14","0"
"2025-07-08 16:16","1212.01","0"
"2025-07-08 16:17","1211.91","0"
"2025-07-08 16:18","1211.74","0"
"2025-07-08 16:19","1211.99","0"
"2025-07-08 16:20","1212.12","0"
"2025-07-08 16:21","1212.37","0"
"2025-07-08 16:22","1212.39","0"
"2025-07-08 16:23","1212.56","0"
"2025-07-08 16:24","1212.4","0"
"2025-07-08 16:25","1212.77","0"
"2025-07-08 16:26","1212.7","0"
"2025-07-08 16:27","1212.79","0"
"2025-07-08 16:28","1212.81","0"
"2025-07-08 16:29","1212.93","0"
"2025-07-08 16:30","1213.43","0"
"2025-07-08 16:31","1213.6","0"
"2025-07-08 16:32","1213.89","0"
"2025-07-08 16:33","1213.93","0"
"2025-07-08 16:34","1214.1","0"
"2025-07-08 16:35","1213.95","0"
"2025-07-08 16:36","1213.97","0"
"2025-07-08 16:37","1214.78","0"
"2025-07-08 16:38","1215.35","0"
"2025-07-08 16:39","1215.06","0"
"2025-07-08 16:40","1215.03","0"
"2025-07-08 16:41","1214.81","0"
"2025-07-08 16:42","1214.5","0"
"2025-07-08 16:43","1214.33","0"
"2025-07-08 16:44","1214.31","0"
"2025-07-08 16:45","1213.47","0"
"2025-07-08 16:46","1213.92","0"
"2025-07-08 16:47","1214.27","0"
"2025-07-08 16:48","1214.45","0"
"2025-07-08 16:49","1214.54","0"
"2025-07-08 16:50","1214.19","0"
"2025-07-08 16:51","1214.23","0"
"2025-07-08 16:52","1213.85","0"
"2025-07-08 16:53","1213.67","0"
"2025-07-08 16:54","1213.75","0"
"2025-07-08 16:55","1213.61","0"
"2025-07-08 16:56","1213.98","0"
"2025-07-08 16:57","1213.82","0"
"2025-07-08 16:58","1214.07","0"
"2025-07-08 16:59","1214.44","0"
"2025-07-08 17:00","1214.34","0"
"2025-07-08 17:01","1214.34","0"
"2025-07-08 17:02","1214.43","0"
"2025-07-08 17:03","1214.63","0"
"2025-07-08 17:04","1214.54","0"
"2025-07-08 17:05","1214.86","0"
"2025-07-08 17:06","1215.03","0"
"2025-07-08 17:07","1215.08","0"
"2025-07-08 17:08","1215.16","0"
"2025-07-08 17:09","1215.14","0"
"2025-07-08 17:10","1214.54","0"
"2025-07-08 17:11","1214.6","0"
"2025-07-08 17:12","1214.96","0"
"2025-07-08 17:13","1214.85","0"
"2025-07-08 17:14","1214.74","0"
"2025-07-08 17:15","1214.68","0"
"2025-07-08 17:16","1214.47","0"
"2025-07-08 17:17","1214.51","0"
"2025-07-08 17:18","1214.6","0"
"2025-07-08 17:19","1214.59","0"
"2025-07-08 17:20","1214.42","0"
"2025-07-08 17:21","1214.2","0"
"2025-07-08 17:22","1214.16","0"
"2025-07-08 17:23","1213.98","0"
"2025-07-08 17:24","1213.93","0"
"2025-07-08 17:25","1213.93","0"
"2025-07-08 17:26","1213.87","0"
"2025-07-08 17:27","1213.58","0"
"2025-07-08 17:28","1213.3","0"
"2025-07-08 17:29","1213.13","0"
"2025-07-08 17:30","1213.04","0"
"2025-07-08 17:34","1213.03","0"
"2025-07-08 17:35","1214.46","0"
"2025-07-08 18:00","1214.46","0"
"2025-07-09 09:00","1215.63","0"
"2025-07-09 09:01","1215.03","0"
"2025-07-09 09:02","1214.66","0"
"2025-07-09 09:03","1214.57","0"
"2025-07-09 09:04","1214.89","0"
"2025-07-09 09:05","1214.3","0"
"2025-07-09 09:06","1214.41","0"
"2025-07-09 09:07","1213.36","0"
"2025-07-09 09:08","1213.13","0"
"2025-07-09 09:09","1212.69","0"
"2025-07-09 09:10","1213.09","0"
"2025-07-09 09:11","1213.13","0"
"2025-07-09 09:12","1212.5","0"
"2025-07-09 09:13","1212.44","0"
"2025-07-09 09:14","1212.53","0"
"2025-07-09 09:15","1212.08","0"
"2025-07-09 09:16","1211.9","0"
"2025-07-09 09:17","1212.24","0"
"2025-07-09 09:18","1211.85","0"
"2025-07-09 09:19","1211.77","0"
"2025-07-09 09:20","1211.96","0"
"2025-07-09 09:21","1212.29","0"
"2025-07-09 09:22","1212.39","0"
"2025-07-09 09:23","1212.41","0"
"2025-07-09 09:24","1212.54","0"
"2025-07-09 09:25","1212.66","0"
"2025-07-09 09:26","1212.34","0"
"2025-07-09 09:27","1212.14","0"
"2025-07-09 09:28","1211.98","0"
"2025-07-09 09:29","1212.15","0"
"2025-07-09 09:30","1212.37","0"
"2025-07-09 09:31","1212.34","0"
"2025-07-09 09:32","1212.68","0"
"2025-07-09 09:33","1213.18","0"
"2025-07-09 09:34","1213.13","0"
"2025-07-09 09:35","1212.88","0"
"2025-07-09 09:36","1213.23","0"
"2025-07-09 09:37","1213.48","0"
"2025-07-09 09:38","1213.3","0"
"2025-07-09 09:39","1213.24","0"
"2025-07-09 09:40","1213.37","0"
"2025-07-09 09:41","1213.15","0"
"2025-07-09 09:42","1213.38","0"
"2025-07-09 09:43","1213.49","0"
"2025-07-09 09:44","1213.39","0"
"2025-07-09 09:45","1213.6","0"
"2025-07-09 09:46","1213.68","0"
"2025-07-09 09:47","1213.93","0"
"2025-07-09 09:48","1214.41","0"
"2025-07-09 09:49","1214.87","0"
"2025-07-09 09:50","1214.67","0"
"2025-07-09 09:51","1214.88","0"
"2025-07-09 09:52","1214.93","0"
"2025-07-09 09:53","1214.85","0"
"2025-07-09 09:54","1214.68","0"
"2025-07-09 09:55","1214.53","0"
"2025-07-09 09:56","1214.77","0"
"2025-07-09 09:57","1214.89","0"
"2025-07-09 09:58","1215.17","0"
"2025-07-09 09:59","1215.09","0"
"2025-07-09 10:00","1215.18","0"
"2025-07-09 10:01","1215.61","0"
"2025-07-09 10:02","1215.38","0"
"2025-07-09 10:03","1215.46","0"
"2025-07-09 10:04","1215.7","0"
"2025-07-09 10:05","1215.65","0"
"2025-07-09 10:06","1215.88","0"
"2025-07-09 10:07","1215.96","0"
"2025-07-09 10:08","1216.05","0"
"2025-07-09 10:09","1215.8","0"
"2025-07-09 10:10","1215.77","0"
"2025-07-09 10:11","1215.73","0"
"2025-07-09 10:12","1216.05","0"
"2025-07-09 10:13","1216.09","0"
"2025-07-09 10:14","1216.12","0"
"2025-07-09 10:15","1216.58","0"
"2025-07-09 10:16","1216.52","0"
"2025-07-09 10:17","1216.65","0"
"2025-07-09 10:18","1216.5","0"
"2025-07-09 10:19","1216.53","0"
"2025-07-09 10:20","1216.17","0"
"2025-07-09 10:21","1216.06","0"
"2025-07-09 10:22","1215.9","0"
"2025-07-09 10:23","1216.11","0"
"2025-07-09 10:24","1216.14","0"
"2025-07-09 10:25","1216.08","0"
"2025-07-09 10:26","1215.86","0"
"2025-07-09 10:27","1215.97","0"
"2025-07-09 10:28","1216.13","0"
"2025-07-09 10:29","1216.28","0"
"2025-07-09 10:30","1216.62","0"
"2025-07-09 10:31","1216.58","0"
"2025-07-09 10:32","1216.78","0"
"2025-07-09 10:33","1216.62","0"
"2025-07-09 10:34","1216.52","0"
"2025-07-09 10:35","1216.35","0"
"2025-07-09 10:36","1216.22","0"
"2025-07-09 10:37","1216.01","0"
"2025-07-09 10:38","1216.09","0"
"2025-07-09 10:39","1216.29","0"
"2025-07-09 10:40","1216.03","0"
"2025-07-09 10:41","1215.81","0"
"2025-07-09 10:42","1215.83","0"
"2025-07-09 10:43","1215.8","0"
"2025-07-09 10:44","1215.89","0"
"2025-07-09 10:45","1215.81","0"
"2025-07-09 10:46","1215.48","0"
"2025-07-09 10:47","1215.3","0"
"2025-07-09 10:48","1215.29","0"
"2025-07-09 10:49","1215.22","0"
"2025-07-09 10:50","1215.39","0"
"2025-07-09 10:51","1215.32","0"
"2025-07-09 10:52","1215.35","0"
"2025-07-09 10:53","1215.71","0"
"2025-07-09 10:54","1215.75","0"
"2025-07-09 10:55","1215.71","0"
"2025-07-09 10:56","1215.5","0"
"2025-07-09 10:57","1215.36","0"
"2025-07-09 10:58","1215.53","0"
"2025-07-09 10:59","1215.54","0"
"2025-07-09 11:00","1215.63","0"
"2025-07-09 11:01","1215.72","0"
"2025-07-09 11:02","1215.85","0"
"2025-07-09 11:03","1215.89","0"
"2025-07-09 11:04","1215.76","0"
"2025-07-09 11:05","1215.74","0"
"2025-07-09 11:06","1215.99","0"
"2025-07-09 11:07","1216.17","0"
"2025-07-09 11:08","1216.28","0"
"2025-07-09 11:09","1216.41","0"
"2025-07-09 11:10","1216.47","0"
"2025-07-09 11:11","1216.2","0"
"2025-07-09 11:12","1216.42","0"
"2025-07-09 11:13","1216.77","0"
"2025-07-09 11:14","1217.21","0"
"2025-07-09 11:15","1217.47","0"
"2025-07-09 11:16","1217.7","0"
"2025-07-09 11:17","1218.6","0"
"2025-07-09 11:18","1218.48","0"
"2025-07-09 11:19","1218.22","0"
"2025-07-09 11:20","1218.25","0"
"2025-07-09 11:21","1218.29","0"
"2025-07-09 11:22","1218.25","0"
"2025-07-09 11:23","1218.09","0"
"2025-07-09 11:24","1218.34","0"
"2025-07-09 11:25","1218.47","0"
"2025-07-09 11:26","1218.59","0"
"2025-07-09 11:27","1218.63","0"
"2025-07-09 11:28","1218.64","0"
"2025-07-09 11:29","1218.8","0"
"2025-07-09 11:30","1218.67","0"
"2025-07-09 11:31","1218.56","0"
"2025-07-09 11:32","1218.72","0"
"2025-07-09 11:33","1218.55","0"
"2025-07-09 11:34","1218.81","0"
"2025-07-09 11:35","1218.86","0"
"2025-07-09 11:36","1218.97","0"
"2025-07-09 11:37","1219.1","0"
"2025-07-09 11:38","1219","0"
"2025-07-09 11:39","1219.06","0"
"2025-07-09 11:40","1219.11","0"
"2025-07-09 11:41","1218.99","0"
"2025-07-09 11:42","1219.09","0"
"2025-07-09 11:43","1218.94","0"
"2025-07-09 11:44","1219.02","0"
"2025-07-09 11:45","1218.5","0"
"2025-07-09 11:46","1218.57","0"
"2025-07-09 11:47","1218.46","0"
"2025-07-09 11:48","1218.37","0"
"2025-07-09 11:49","1218.36","0"
"2025-07-09 11:50","1218.18","0"
"2025-07-09 11:51","1218.12","0"
"2025-07-09 11:52","1218.22","0"
"2025-07-09 11:53","1218.27","0"
"2025-07-09 11:54","1218.29","0"
"2025-07-09 11:55","1218.2","0"
"2025-07-09 11:56","1217.97","0"
"2025-07-09 11:57","1217.92","0"
"2025-07-09 11:58","1217.75","0"
"2025-07-09 11:59","1217.53","0"
"2025-07-09 12:00","1217.67","0"
"2025-07-09 12:01","1217.73","0"
"2025-07-09 12:02","1217.85","0"
"2025-07-09 12:03","1217.65","0"
"2025-07-09 12:04","1217.77","0"
"2025-07-09 12:05","1217.49","0"
"2025-07-09 12:06","1217.42","0"
"2025-07-09 12:07","1217.28","0"
"2025-07-09 12:08","1217.25","0"
"2025-07-09 12:09","1217.45","0"
"2025-07-09 12:10","1217.52","0"
"2025-07-09 12:11","1217.63","0"
"2025-07-09 12:12","1217.55","0"
"2025-07-09 12:13","1217.33","0"
"2025-07-09 12:14","1217.63","0"
"2025-07-09 12:15","1217.65","0"
"2025-07-09 12:16","1217.72","0"
"2025-07-09 12:17","1217.81","0"
"2025-07-09 12:18","1217.8","0"
"2025-07-09 12:19","1217.88","0"
"2025-07-09 12:20","1218.06","0"
"2025-07-09 12:21","1218.21","0"
"2025-07-09 12:22","1218.17","0"
"2025-07-09 12:23","1218.33","0"
"2025-07-09 12:24","1218.31","0"
"2025-07-09 12:25","1218.11","0"
"2025-07-09 12:26","1218.18","0"
"2025-07-09 12:27","1218.11","0"
"2025-07-09 12:28","1218.36","0"
"2025-07-09 12:29","1218.19","0"
"2025-07-09 12:30","1217.97","0"
"2025-07-09 12:31","1217.9","0"
"2025-07-09 12:32","1218.03","0"
"2025-07-09 12:33","1217.87","0"
"2025-07-09 12:34","1218.1","0"
"2025-07-09 12:35","1218.29","0"
"2025-07-09 12:36","1218.37","0"
"2025-07-09 12:37","1218.19","0"
"2025-07-09 12:38","1218.24","0"
"2025-07-09 12:39","1218.03","0"
"2025-07-09 12:40","1218.04","0"
"2025-07-09 12:41","1217.89","0"
"2025-07-09 12:42","1217.63","0"
"2025-07-09 12:43","1217.68","0"
"2025-07-09 12:44","1217.74","0"
"2025-07-09 12:45","1217.84","0"
"2025-07-09 12:46","1217.71","0"
"2025-07-09 12:47","1217.7","0"
"2025-07-09 12:48","1217.64","0"
"2025-07-09 12:49","1217.43","0"
"2025-07-09 12:50","1217.43","0"
"2025-07-09 12:51","1217.46","0"
"2025-07-09 12:52","1217.38","0"
"2025-07-09 12:53","1217.43","0"
"2025-07-09 12:54","1217.3","0"
"2025-07-09 12:55","1217.23","0"
"2025-07-09 12:56","1217.3","0"
"2025-07-09 12:57","1217.4","0"
"2025-07-09 12:58","1217.41","0"
"2025-07-09 12:59","1217.5","0"
"2025-07-09 13:00","1217.57","0"
"2025-07-09 13:01","1217.84","0"
"2025-07-09 13:02","1217.87","0"
"2025-07-09 13:03","1218.01","0"
"2025-07-09 13:04","1218.06","0"
"2025-07-09 13:05","1218.09","0"
"2025-07-09 13:06","1218.23","0"
"2025-07-09 13:07","1218.07","0"
"2025-07-09 13:08","1218.08","0"
"2025-07-09 13:09","1218.01","0"
"2025-07-09 13:10","1217.73","0"
"2025-07-09 13:11","1217.49","0"
"2025-07-09 13:12","1217.29","0"
"2025-07-09 13:13","1217.26","0"
"2025-07-09 13:14","1217.46","0"
"2025-07-09 13:15","1217.41","0"
"2025-07-09 13:16","1217.44","0"
"2025-07-09 13:17","1217.17","0"
"2025-07-09 13:18","1217.17","0"
"2025-07-09 13:19","1217.17","0"
"2025-07-09 13:20","1217.05","0"
"2025-07-09 13:21","1217.15","0"
"2025-07-09 13:22","1217.12","0"
"2025-07-09 13:23","1217.13","0"
"2025-07-09 13:24","1217.16","0"
"2025-07-09 13:25","1217.14","0"
"2025-07-09 13:26","1217.12","0"
"2025-07-09 13:27","1217.16","0"
"2025-07-09 13:28","1217.24","0"
"2025-07-09 13:29","1217.35","0"
"2025-07-09 13:30","1217.38","0"
"2025-07-09 13:31","1217.24","0"
"2025-07-09 13:32","1217.17","0"
"2025-07-09 13:33","1217.04","0"
"2025-07-09 13:34","1216.93","0"
"2025-07-09 13:35","1216.8","0"
"2025-07-09 13:36","1216.83","0"
"2025-07-09 13:37","1216.77","0"
"2025-07-09 13:38","1216.82","0"
"2025-07-09 13:39","1216.93","0"
"2025-07-09 13:40","1216.64","0"
"2025-07-09 13:41","1216.53","0"
"2025-07-09 13:42","1216.54","0"
"2025-07-09 13:43","1216.52","0"
"2025-07-09 13:44","1216.5","0"
"2025-07-09 13:45","1216.9","0"
"2025-07-09 13:46","1216.81","0"
"2025-07-09 13:47","1216.94","0"
"2025-07-09 13:48","1216.91","0"
"2025-07-09 13:49","1216.99","0"
"2025-07-09 13:50","1217.23","0"
"2025-07-09 13:51","1217.27","0"
"2025-07-09 13:52","1217.12","0"
"2025-07-09 13:53","1216.93","0"
"2025-07-09 13:54","1217.04","0"
"2025-07-09 13:55","1217.08","0"
"2025-07-09 13:56","1217.44","0"
"2025-07-09 13:57","1217.37","0"
"2025-07-09 13:58","1217.41","0"
"2025-07-09 13:59","1217.45","0"
"2025-07-09 14:00","1217.15","0"
"2025-07-09 14:01","1217","0"
"2025-07-09 14:02","1216.91","0"
"2025-07-09 14:03","1216.72","0"
"2025-07-09 14:04","1216.55","0"
"2025-07-09 14:05","1216.64","0"
"2025-07-09 14:06","1216.68","0"
"2025-07-09 14:07","1216.72","0"
"2025-07-09 14:08","1216.8","0"
"2025-07-09 14:09","1217.17","0"
"2025-07-09 14:10","1217.13","0"
"2025-07-09 14:11","1217.62","0"
"2025-07-09 14:12","1217.8","0"
"2025-07-09 14:13","1217.51","0"
"2025-07-09 14:14","1217.34","0"
"2025-07-09 14:15","1217.16","0"
"2025-07-09 14:16","1217.13","0"
"2025-07-09 14:17","1217.07","0"
"2025-07-09 14:18","1216.99","0"
"2025-07-09 14:19","1217.13","0"
"2025-07-09 14:20","1217.18","0"
"2025-07-09 14:21","1217.26","0"
"2025-07-09 14:22","1217.22","0"
"2025-07-09 14:23","1217.21","0"
"2025-07-09 14:24","1217.27","0"
"2025-07-09 14:25","1217.17","0"
"2025-07-09 14:26","1216.93","0"
"2025-07-09 14:27","1216.87","0"
"2025-07-09 14:28","1216.85","0"
"2025-07-09 14:29","1216.79","0"
"2025-07-09 14:30","1216.77","0"
"2025-07-09 14:31","1216.68","0"
"2025-07-09 14:32","1216.65","0"
"2025-07-09 14:33","1216.47","0"
"2025-07-09 14:34","1216.45","0"
"2025-07-09 14:35","1216.21","0"
"2025-07-09 14:36","1216.24","0"
"2025-07-09 14:37","1216.25","0"
"2025-07-09 14:38","1216.39","0"
"2025-07-09 14:39","1216.21","0"
"2025-07-09 14:40","1215.92","0"
"2025-07-09 14:41","1215.82","0"
"2025-07-09 14:42","1215.99","0"
"2025-07-09 14:43","1216.07","0"
"2025-07-09 14:44","1215.96","0"
"2025-07-09 14:45","1216.02","0"
"2025-07-09 14:46","1216.05","0"
"2025-07-09 14:47","1216.25","0"
"2025-07-09 14:48","1216.27","0"
"2025-07-09 14:49","1216.37","0"
"2025-07-09 14:50","1216.41","0"
"2025-07-09 14:51","1216.65","0"
"2025-07-09 14:52","1216.33","0"
"2025-07-09 14:53","1216.42","0"
"2025-07-09 14:54","1216.69","0"
"2025-07-09 14:55","1216.87","0"
"2025-07-09 14:56","1216.9","0"
"2025-07-09 14:57","1216.72","0"
"2025-07-09 14:58","1216.73","0"
"2025-07-09 14:59","1216.73","0"
"2025-07-09 15:00","1216.78","0"
"2025-07-09 15:01","1216.81","0"
"2025-07-09 15:02","1217.29","0"
"2025-07-09 15:03","1217.32","0"
"2025-07-09 15:04","1217.54","0"
"2025-07-09 15:05","1217.77","0"
"2025-07-09 15:06","1217.6","0"
"2025-07-09 15:07","1217.55","0"
"2025-07-09 15:08","1217.51","0"
"2025-07-09 15:09","1217.7","0"
"2025-07-09 15:10","1217.64","0"
"2025-07-09 15:11","1217.83","0"
"2025-07-09 15:12","1217.47","0"
"2025-07-09 15:13","1217.52","0"
"2025-07-09 15:14","1217.34","0"
"2025-07-09 15:15","1217.36","0"
"2025-07-09 15:16","1217.54","0"
"2025-07-09 15:17","1217.95","0"
"2025-07-09 15:18","1218.07","0"
"2025-07-09 15:19","1218","0"
"2025-07-09 15:20","1217.96","0"
"2025-07-09 15:21","1217.91","0"
"2025-07-09 15:22","1217.96","0"
"2025-07-09 15:23","1217.64","0"
"2025-07-09 15:24","1218.08","0"
"2025-07-09 15:25","1218.21","0"
"2025-07-09 15:26","1218.35","0"
"2025-07-09 15:27","1218.19","0"
"2025-07-09 15:28","1218.01","0"
"2025-07-09 15:29","1217.74","0"
"2025-07-09 15:30","1218.03","0"
"2025-07-09 15:31","1218.9","0"
"2025-07-09 15:32","1219.11","0"
"2025-07-09 15:33","1219.2","0"
"2025-07-09 15:34","1219.28","0"
"2025-07-09 15:35","1219.33","0"
"2025-07-09 15:36","1219","0"
"2025-07-09 15:37","1219.07","0"
"2025-07-09 15:38","1218.83","0"
"2025-07-09 15:39","1218.86","0"
"2025-07-09 15:40","1218.95","0"
"2025-07-09 15:41","1218.81","0"
"2025-07-09 15:42","1218.89","0"
"2025-07-09 15:43","1219.06","0"
"2025-07-09 15:44","1219.15","0"
"2025-07-09 15:45","1219.29","0"
"2025-07-09 15:46","1218.58","0"
"2025-07-09 15:47","1218.63","0"
"2025-07-09 15:48","1218.72","0"
"2025-07-09 15:49","1218.72","0"
"2025-07-09 15:50","1219.16","0"
"2025-07-09 15:51","1219.66","0"
"2025-07-09 15:52","1219.43","0"
"2025-07-09 15:53","1219.58","0"
"2025-07-09 15:54","1219.12","0"
"2025-07-09 15:55","1219.12","0"
"2025-07-09 15:56","1218.84","0"
"2025-07-09 15:57","1219.39","0"
"2025-07-09 15:58","1218.88","0"
"2025-07-09 15:59","1218.92","0"
"2025-07-09 16:00","1218.74","0"
"2025-07-09 16:01","1218.44","0"
"2025-07-09 16:02","1218.64","0"
"2025-07-09 16:03","1218.47","0"
"2025-07-09 16:04","1218.59","0"
"2025-07-09 16:05","1219.05","0"
"2025-07-09 16:06","1219.23","0"
"2025-07-09 16:07","1219.38","0"
"2025-07-09 16:08","1219.33","0"
"2025-07-09 16:09","1219.53","0"
"2025-07-09 16:10","1219.15","0"
"2025-07-09 16:11","1218.6","0"
"2025-07-09 16:12","1218.39","0"
"2025-07-09 16:13","1218.01","0"
"2025-07-09 16:14","1218.2","0"
"2025-07-09 16:15","1217.86","0"
"2025-07-09 16:16","1217.92","0"
"2025-07-09 16:17","1217.76","0"
"2025-07-09 16:18","1217.39","0"
"2025-07-09 16:19","1217.45","0"
"2025-07-09 16:20","1217.31","0"
"2025-07-09 16:21","1217.45","0"
"2025-07-09 16:22","1217.44","0"
"2025-07-09 16:23","1217.41","0"
"2025-07-09 16:24","1217.24","0"
"2025-07-09 16:25","1217.28","0"
"2025-07-09 16:26","1217.62","0"
"2025-07-09 16:27","1217.86","0"
"2025-07-09 16:28","1217.55","0"
"2025-07-09 16:29","1217.47","0"
"2025-07-09 16:30","1216.8","0"
"2025-07-09 16:31","1216.52","0"
"2025-07-09 16:32","1216.7","0"
"2025-07-09 16:33","1216.92","0"
"2025-07-09 16:34","1217.03","0"
"2025-07-09 16:35","1216.71","0"
"2025-07-09 16:36","1216.57","0"
"2025-07-09 16:37","1216.72","0"
"2025-07-09 16:38","1216.73","0"
"2025-07-09 16:39","1216.86","0"
"2025-07-09 16:40","1217.2","0"
"2025-07-09 16:41","1216.86","0"
"2025-07-09 16:42","1216.91","0"
"2025-07-09 16:43","1216.86","0"
"2025-07-09 16:44","1216.86","0"
"2025-07-09 16:45","1216.94","0"
"2025-07-09 16:46","1217.24","0"
"2025-07-09 16:47","1216.9","0"
"2025-07-09 16:48","1216.46","0"
"2025-07-09 16:49","1216.61","0"
"2025-07-09 16:50","1216.33","0"
"2025-07-09 16:51","1216.57","0"
"2025-07-09 16:52","1216.61","0"
"2025-07-09 16:53","1216.85","0"
"2025-07-09 16:54","1216.86","0"
"2025-07-09 16:55","1217.24","0"
"2025-07-09 16:56","1217.17","0"
"2025-07-09 16:57","1216.86","0"
"2025-07-09 16:58","1216.83","0"
"2025-07-09 16:59","1216.73","0"
"2025-07-09 17:00","1216.62","0"
"2025-07-09 17:01","1217.28","0"
"2025-07-09 17:02","1217.61","0"
"2025-07-09 17:03","1217.56","0"
"2025-07-09 17:04","1217.58","0"
"2025-07-09 17:05","1217.57","0"
"2025-07-09 17:06","1217.2","0"
"2025-07-09 17:07","1217.08","0"
"2025-07-09 17:08","1217.2","0"
"2025-07-09 17:09","1217.3","0"
"2025-07-09 17:10","1217.24","0"
"2025-07-09 17:11","1217.01","0"
"2025-07-09 17:12","1216.97","0"
"2025-07-09 17:13","1216.61","0"
"2025-07-09 17:14","1216.36","0"
"2025-07-09 17:15","1216.36","0"
"2025-07-09 17:16","1216.31","0"
"2025-07-09 17:17","1216.2","0"
"2025-07-09 17:18","1216.13","0"
"2025-07-09 17:19","1216.23","0"
"2025-07-09 17:20","1216.56","0"
"2025-07-09 17:21","1216.88","0"
"2025-07-09 17:22","1217.03","0"
"2025-07-09 17:23","1216.78","0"
"2025-07-09 17:24","1216.86","0"
"2025-07-09 17:25","1216.94","0"
"2025-07-09 17:26","1217.06","0"
"2025-07-09 17:27","1217.23","0"
"2025-07-09 17:28","1217.38","0"
"2025-07-09 17:29","1217.48","0"
"2025-07-09 17:30","1217.49","0"
"2025-07-09 17:35","1217.84","0"
"2025-07-09 18:00","1217.84","0"
"2025-07-09 18:05","1217.84","0"
"2025-07-10 09:00","1221.92","0"
"2025-07-10 09:01","1222.24","0"
"2025-07-10 09:02","1222.54","0"
"2025-07-10 09:03","1222.47","0"
"2025-07-10 09:04","1222.83","0"
"2025-07-10 09:05","1223.12","0"
"2025-07-10 09:06","1222.73","0"
"2025-07-10 09:07","1222.93","0"
"2025-07-10 09:08","1223.47","0"
"2025-07-10 09:09","1223.46","0"
"2025-07-10 09:10","1223.74","0"
"2025-07-10 09:11","1223.97","0"
"2025-07-10 09:12","1223.9","0"
"2025-07-10 09:13","1223.89","0"
"2025-07-10 09:14","1223.75","0"
"2025-07-10 09:15","1223.5","0"
"2025-07-10 09:16","1223.58","0"
"2025-07-10 09:17","1223.83","0"
"2025-07-10 09:18","1224","0"
"2025-07-10 09:19","1224.68","0"
"2025-07-10 09:20","1224.91","0"
"2025-07-10 09:21","1225.28","0"
"2025-07-10 09:22","1224.94","0"
"2025-07-10 09:23","1225.47","0"
"2025-07-10 09:24","1225.48","0"
"2025-07-10 09:25","1225.7","0"
"2025-07-10 09:26","1225.81","0"
"2025-07-10 09:27","1225.79","0"
"2025-07-10 09:28","1225.66","0"
"2025-07-10 09:29","1225.46","0"
"2025-07-10 09:30","1225.63","0"
"2025-07-10 09:31","1225.71","0"
"2025-07-10 09:32","1225.56","0"
"2025-07-10 09:33","1225.81","0"
"2025-07-10 09:34","1225.94","0"
"2025-07-10 09:35","1226.46","0"
"2025-07-10 09:36","1226.13","0"
"2025-07-10 09:37","1226.27","0"
"2025-07-10 09:38","1226.2","0"
"2025-07-10 09:39","1226.86","0"
"2025-07-10 09:40","1226.93","0"
"2025-07-10 09:41","1226.6","0"
"2025-07-10 09:42","1226.55","0"
"2025-07-10 09:43","1226.72","0"
"2025-07-10 09:44","1226.94","0"
"2025-07-10 09:45","1226.71","0"
"2025-07-10 09:46","1226.95","0"
"2025-07-10 09:47","1226.67","0"
"2025-07-10 09:48","1226.33","0"
"2025-07-10 09:49","1226.17","0"
"2025-07-10 09:50","1226.28","0"
"2025-07-10 09:51","1226.12","0"
"2025-07-10 09:52","1225.77","0"
"2025-07-10 09:53","1225.8","0"
"2025-07-10 09:54","1225.73","0"
"2025-07-10 09:55","1225.83","0"
"2025-07-10 09:56","1226.11","0"
"2025-07-10 09:57","1226.02","0"
"2025-07-10 09:58","1225.9","0"
"2025-07-10 09:59","1225.85","0"
"2025-07-10 10:00","1225.47","0"
"2025-07-10 10:01","1225.79","0"
"2025-07-10 10:02","1225.73","0"
"2025-07-10 10:03","1225.73","0"
"2025-07-10 10:04","1225.63","0"
"2025-07-10 10:05","1225.81","0"
"2025-07-10 10:06","1225.69","0"
"2025-07-10 10:07","1225.4","0"
"2025-07-10 10:08","1225.73","0"
"2025-07-10 10:09","1225.68","0"
"2025-07-10 10:10","1225.73","0"
"2025-07-10 10:11","1225.69","0"
"2025-07-10 10:12","1225.86","0"
"2025-07-10 10:13","1225.77","0"
"2025-07-10 10:14","1225.88","0"
"2025-07-10 10:15","1225.81","0"
"2025-07-10 10:16","1225.93","0"
"2025-07-10 10:17","1225.97","0"
"2025-07-10 10:18","1226.34","0"
"2025-07-10 10:19","1225.99","0"
"2025-07-10 10:20","1226.15","0"
"2025-07-10 10:21","1226.41","0"
"2025-07-10 10:22","1226.49","0"
"2025-07-10 10:23","1226.53","0"
"2025-07-10 10:24","1226.55","0"
"2025-07-10 10:25","1226.44","0"
"2025-07-10 10:26","1226.45","0"
"2025-07-10 10:27","1226.61","0"
"2025-07-10 10:28","1226.75","0"
"2025-07-10 10:29","1226.68","0"
"2025-07-10 10:30","1226.68","0"
"2025-07-10 10:31","1226.39","0"
"2025-07-10 10:32","1226.39","0"
"2025-07-10 10:33","1226.47","0"
"2025-07-10 10:34","1226.54","0"
"2025-07-10 10:35","1226.61","0"
"2025-07-10 10:36","1226.64","0"
"2025-07-10 10:37","1226.54","0"
"2025-07-10 10:38","1226.14","0"
"2025-07-10 10:39","1226.35","0"
"2025-07-10 10:40","1225.97","0"
"2025-07-10 10:41","1225.94","0"
"2025-07-10 10:42","1226.17","0"
"2025-07-10 10:43","1225.99","0"
"2025-07-10 10:44","1226.18","0"
"2025-07-10 10:45","1225.85","0"
"2025-07-10 10:46","1225.82","0"
"2025-07-10 10:47","1225.96","0"
"2025-07-10 10:48","1226.19","0"
"2025-07-10 10:49","1226.37","0"
"2025-07-10 10:50","1226.15","0"
"2025-07-10 10:51","1226.22","0"
"2025-07-10 10:52","1226.53","0"
"2025-07-10 10:53","1226.38","0"
"2025-07-10 10:54","1226.06","0"
"2025-07-10 10:55","1226.05","0"
"2025-07-10 10:56","1226.1","0"
"2025-07-10 10:57","1225.9","0"
"2025-07-10 10:58","1226.24","0"
"2025-07-10 10:59","1226.19","0"
"2025-07-10 11:00","1226.1","0"
"2025-07-10 11:01","1226.44","0"
"2025-07-10 11:02","1226.42","0"
"2025-07-10 11:03","1226.23","0"
"2025-07-10 11:04","1226.18","0"
"2025-07-10 11:05","1226","0"
"2025-07-10 11:06","1226.16","0"
"2025-07-10 11:07","1225.89","0"
"2025-07-10 11:08","1225.64","0"
"2025-07-10 11:09","1225.85","0"
"2025-07-10 11:10","1225.92","0"
"2025-07-10 11:11","1226.15","0"
"2025-07-10 11:12","1226.13","0"
"2025-07-10 11:13","1226.25","0"
"2025-07-10 11:14","1226.06","0"
"2025-07-10 11:15","1226.1","0"
"2025-07-10 11:16","1226.06","0"
"2025-07-10 11:17","1225.86","0"
"2025-07-10 11:18","1226.15","0"
"2025-07-10 11:19","1226.25","0"
"2025-07-10 11:20","1226.33","0"
"2025-07-10 11:21","1226.44","0"
"2025-07-10 11:22","1226.35","0"
"2025-07-10 11:23","1226.34","0"
"2025-07-10 11:24","1226.1","0"
"2025-07-10 11:25","1226.24","0"
"2025-07-10 11:26","1226.1","0"
"2025-07-10 11:27","1226.27","0"
"2025-07-10 11:28","1226.27","0"
"2025-07-10 11:29","1226.47","0"
"2025-07-10 11:30","1226.44","0"
"2025-07-10 11:31","1226.42","0"
"2025-07-10 11:32","1226.38","0"
"2025-07-10 11:33","1226.35","0"
"2025-07-10 11:34","1226.44","0"
"2025-07-10 11:35","1226.75","0"
"2025-07-10 11:36","1226.93","0"
"2025-07-10 11:37","1226.92","0"
"2025-07-10 11:38","1226.75","0"
"2025-07-10 11:39","1226.9","0"
"2025-07-10 11:40","1226.93","0"
"2025-07-10 11:41","1227.06","0"
"2025-07-10 11:42","1227","0"
"2025-07-10 11:43","1227.09","0"
"2025-07-10 11:44","1227.08","0"
"2025-07-10 11:45","1227.01","0"
"2025-07-10 11:46","1227.01","0"
"2025-07-10 11:47","1227.03","0"
"2025-07-10 11:48","1227.08","0"
"2025-07-10 11:49","1226.76","0"
"2025-07-10 11:50","1226.73","0"
"2025-07-10 11:51","1226.83","0"
"2025-07-10 11:52","1226.67","0"
"2025-07-10 11:53","1226.75","0"
"2025-07-10 11:54","1226.87","0"
"2025-07-10 11:55","1226.96","0"
"2025-07-10 11:56","1227.07","0"
"2025-07-10 11:57","1227.31","0"
"2025-07-10 11:58","1227.34","0"
"2025-07-10 11:59","1227.32","0"
"2025-07-10 12:00","1227.42","0"
"2025-07-10 12:01","1227.66","0"
"2025-07-10 12:02","1227.53","0"
"2025-07-10 12:03","1227.69","0"
"2025-07-10 12:04","1227.77","0"
"2025-07-10 12:05","1227.64","0"
"2025-07-10 12:06","1227.66","0"
"2025-07-10 12:07","1227.77","0"
"2025-07-10 12:08","1227.8","0"
"2025-07-10 12:09","1227.94","0"
"2025-07-10 12:10","1228","0"
"2025-07-10 12:11","1227.88","0"
"2025-07-10 12:12","1227.76","0"
"2025-07-10 12:13","1227.88","0"
"2025-07-10 12:14","1227.83","0"
"2025-07-10 12:15","1227.95","0"
"2025-07-10 12:16","1227.85","0"
"2025-07-10 12:17","1227.77","0"
"2025-07-10 12:18","1227.66","0"
"2025-07-10 12:19","1227.59","0"
"2025-07-10 12:20","1227.4","0"
"2025-07-10 12:21","1227.36","0"
"2025-07-10 12:22","1227.37","0"
"2025-07-10 12:23","1227.46","0"
"2025-07-10 12:24","1227.49","0"
"2025-07-10 12:25","1227.37","0"
"2025-07-10 12:26","1227.18","0"
"2025-07-10 12:27","1227.12","0"
"2025-07-10 12:28","1227.17","0"
"2025-07-10 12:29","1227.21","0"
"2025-07-10 12:30","1227.36","0"
"2025-07-10 12:31","1227.67","0"
"2025-07-10 12:32","1227.82","0"
"2025-07-10 12:33","1227.54","0"
"2025-07-10 12:34","1227.71","0"
"2025-07-10 12:35","1227.79","0"
"2025-07-10 12:36","1227.75","0"
"2025-07-10 12:37","1227.94","0"
"2025-07-10 12:38","1227.85","0"
"2025-07-10 12:39","1227.59","0"
"2025-07-10 12:40","1227.46","0"
"2025-07-10 12:41","1227.49","0"
"2025-07-10 12:42","1227.43","0"
"2025-07-10 12:43","1227.27","0"
"2025-07-10 12:44","1227.18","0"
"2025-07-10 12:45","1227.51","0"
"2025-07-10 12:46","1227.54","0"
"2025-07-10 12:47","1227.57","0"
"2025-07-10 12:48","1227.52","0"
"2025-07-10 12:49","1227.46","0"
"2025-07-10 12:50","1227.36","0"
"2025-07-10 12:51","1227.56","0"
"2025-07-10 12:52","1227.65","0"
"2025-07-10 12:53","1227.64","0"
"2025-07-10 12:54","1227.73","0"
"2025-07-10 12:55","1227.67","0"
"2025-07-10 12:56","1227.69","0"
"2025-07-10 12:57","1227.8","0"
"2025-07-10 12:58","1227.81","0"
"2025-07-10 12:59","1227.77","0"
"2025-07-10 13:00","1227.52","0"
"2025-07-10 13:01","1227.53","0"
"2025-07-10 13:02","1227.44","0"
"2025-07-10 13:03","1227.41","0"
"2025-07-10 13:04","1227.57","0"
"2025-07-10 13:05","1227.72","0"
"2025-07-10 13:06","1227.84","0"
"2025-07-10 13:07","1228.04","0"
"2025-07-10 13:08","1228.2","0"
"2025-07-10 13:09","1228.45","0"
"2025-07-10 13:10","1228.53","0"
"2025-07-10 13:11","1228.73","0"
"2025-07-10 13:12","1228.69","0"
"2025-07-10 13:13","1228.7","0"
"2025-07-10 13:14","1228.52","0"
"2025-07-10 13:15","1228.48","0"
"2025-07-10 13:16","1228.59","0"
"2025-07-10 13:17","1228.64","0"
"2025-07-10 13:18","1228.51","0"
"2025-07-10 13:19","1228.44","0"
"2025-07-10 13:20","1228.34","0"
"2025-07-10 13:21","1228.44","0"
"2025-07-10 13:22","1228.28","0"
"2025-07-10 13:23","1228.31","0"
"2025-07-10 13:24","1228.11","0"
"2025-07-10 13:25","1228.18","0"
"2025-07-10 13:26","1228.39","0"
"2025-07-10 13:27","1228.33","0"
"2025-07-10 13:28","1228.42","0"
"2025-07-10 13:29","1228.38","0"
"2025-07-10 13:30","1228.26","0"
"2025-07-10 13:31","1228.2","0"
"2025-07-10 13:32","1228.41","0"
"2025-07-10 13:33","1228.6","0"
"2025-07-10 13:34","1228.42","0"
"2025-07-10 13:35","1228.36","0"
"2025-07-10 13:36","1228.77","0"
"2025-07-10 13:37","1228.84","0"
"2025-07-10 13:38","1228.54","0"
"2025-07-10 13:39","1228.66","0"
"2025-07-10 13:40","1228.75","0"
"2025-07-10 13:41","1228.86","0"
"2025-07-10 13:42","1228.88","0"
"2025-07-10 13:43","1228.84","0"
"2025-07-10 13:44","1228.99","0"
"2025-07-10 13:45","1228.76","0"
"2025-07-10 13:46","1228.47","0"
"2025-07-10 13:47","1228.26","0"
"2025-07-10 13:48","1228.17","0"
"2025-07-10 13:49","1228.18","0"
"2025-07-10 13:50","1228.41","0"
"2025-07-10 13:51","1228.41","0"
"2025-07-10 13:52","1228.31","0"
"2025-07-10 13:53","1228.12","0"
"2025-07-10 13:54","1228.21","0"
"2025-07-10 13:55","1228.39","0"
"2025-07-10 13:56","1228.18","0"
"2025-07-10 13:57","1228.12","0"
"2025-07-10 13:58","1228.19","0"
"2025-07-10 13:59","1228.08","0"
"2025-07-10 14:00","1227.88","0"
"2025-07-10 14:01","1227.85","0"
"2025-07-10 14:02","1227.42","0"
"2025-07-10 14:03","1227.28","0"
"2025-07-10 14:04","1227.39","0"
"2025-07-10 14:05","1227.56","0"
"2025-07-10 14:06","1227.39","0"
"2025-07-10 14:07","1227.45","0"
"2025-07-10 14:08","1227.55","0"
"2025-07-10 14:09","1227.4","0"
"2025-07-10 14:10","1227.43","0"
"2025-07-10 14:11","1227.65","0"
"2025-07-10 14:12","1227.78","0"
"2025-07-10 14:13","1227.62","0"
"2025-07-10 14:14","1227.49","0"
"2025-07-10 14:15","1227.23","0"
"2025-07-10 14:16","1227.07","0"
"2025-07-10 14:17","1226.91","0"
"2025-07-10 14:18","1226.65","0"
"2025-07-10 14:19","1226.8","0"
"2025-07-10 14:20","1226.73","0"
"2025-07-10 14:21","1226.86","0"
"2025-07-10 14:22","1226.87","0"
"2025-07-10 14:23","1226.76","0"
"2025-07-10 14:24","1226.61","0"
"2025-07-10 14:25","1226.57","0"
"2025-07-10 14:26","1226.89","0"
"2025-07-10 14:27","1226.89","0"
"2025-07-10 14:28","1226.88","0"
"2025-07-10 14:29","1226.98","0"
"2025-07-10 14:30","1227.24","0"
"2025-07-10 14:31","1227.26","0"
"2025-07-10 14:32","1226.76","0"
"2025-07-10 14:33","1226.7","0"
"2025-07-10 14:34","1226.73","0"
"2025-07-10 14:35","1226.67","0"
"2025-07-10 14:36","1226.57","0"
"2025-07-10 14:37","1226.34","0"
"2025-07-10 14:38","1226.22","0"
"2025-07-10 14:39","1226.33","0"
"2025-07-10 14:40","1226.28","0"
"2025-07-10 14:41","1226.31","0"
"2025-07-10 14:42","1226.2","0"
"2025-07-10 14:43","1226.09","0"
"2025-07-10 14:44","1226.21","0"
"2025-07-10 14:45","1226.25","0"
"2025-07-10 14:46","1226.35","0"
"2025-07-10 14:47","1226.63","0"
"2025-07-10 14:48","1226.72","0"
"2025-07-10 14:49","1226.66","0"
"2025-07-10 14:50","1226.61","0"
"2025-07-10 14:51","1226.55","0"
"2025-07-10 14:52","1226.59","0"
"2025-07-10 14:53","1226.69","0"
"2025-07-10 14:54","1226.79","0"
"2025-07-10 14:55","1226.78","0"
"2025-07-10 14:56","1226.78","0"
"2025-07-10 14:57","1226.85","0"
"2025-07-10 14:58","1226.86","0"
"2025-07-10 14:59","1226.83","0"
"2025-07-10 15:00","1226.62","0"
"2025-07-10 15:01","1226.6","0"
"2025-07-10 15:02","1226.56","0"
"2025-07-10 15:03","1226.41","0"
"2025-07-10 15:04","1226.28","0"
"2025-07-10 15:05","1226.3","0"
"2025-07-10 15:06","1226.4","0"
"2025-07-10 15:07","1226.45","0"
"2025-07-10 15:08","1226.35","0"
"2025-07-10 15:09","1226.35","0"
"2025-07-10 15:10","1226.39","0"
"2025-07-10 15:11","1226.64","0"
"2025-07-10 15:12","1226.53","0"
"2025-07-10 15:13","1226.67","0"
"2025-07-10 15:14","1226.69","0"
"2025-07-10 15:15","1226.91","0"
"2025-07-10 15:16","1226.76","0"
"2025-07-10 15:17","1226.88","0"
"2025-07-10 15:18","1226.92","0"
"2025-07-10 15:19","1226.75","0"
"2025-07-10 15:20","1226.94","0"
"2025-07-10 15:21","1227.23","0"
"2025-07-10 15:22","1227.19","0"
"2025-07-10 15:23","1227.16","0"
"2025-07-10 15:24","1227.07","0"
"2025-07-10 15:25","1226.68","0"
"2025-07-10 15:26","1226.78","0"
"2025-07-10 15:27","1226.73","0"
"2025-07-10 15:28","1226.81","0"
"2025-07-10 15:29","1226.8","0"
"2025-07-10 15:30","1226.92","0"
"2025-07-10 15:31","1227.07","0"
"2025-07-10 15:32","1227.04","0"
"2025-07-10 15:33","1227.37","0"
"2025-07-10 15:34","1227.11","0"
"2025-07-10 15:35","1227.01","0"
"2025-07-10 15:36","1226.73","0"
"2025-07-10 15:37","1226.94","0"
"2025-07-10 15:38","1226.4","0"
"2025-07-10 15:39","1226.24","0"
"2025-07-10 15:40","1226.14","0"
"2025-07-10 15:41","1225.52","0"
"2025-07-10 15:42","1225.72","0"
"2025-07-10 15:43","1225.72","0"
"2025-07-10 15:44","1226.48","0"
"2025-07-10 15:45","1226.76","0"
"2025-07-10 15:46","1226.68","0"
"2025-07-10 15:47","1226.09","0"
"2025-07-10 15:48","1225.6","0"
"2025-07-10 15:49","1225.18","0"
"2025-07-10 15:50","1225.48","0"
"2025-07-10 15:51","1225.48","0"
"2025-07-10 15:52","1224.94","0"
"2025-07-10 15:53","1225.25","0"
"2025-07-10 15:54","1225.17","0"
"2025-07-10 15:55","1224.89","0"
"2025-07-10 15:56","1224.76","0"
"2025-07-10 15:57","1225.06","0"
"2025-07-10 15:58","1224.56","0"
"2025-07-10 15:59","1225.33","0"
"2025-07-10 16:00","1225.5","0"
"2025-07-10 16:01","1225.09","0"
"2025-07-10 16:02","1225.48","0"
"2025-07-10 16:03","1225.67","0"
"2025-07-10 16:04","1225.55","0"
"2025-07-10 16:05","1224.97","0"
"2025-07-10 16:06","1224.91","0"
"2025-07-10 16:07","1225.4","0"
"2025-07-10 16:08","1225.78","0"
"2025-07-10 16:09","1225.48","0"
"2025-07-10 16:10","1226.22","0"
"2025-07-10 16:11","1226.44","0"
"2025-07-10 16:12","1226.22","0"
"2025-07-10 16:13","1226.39","0"
"2025-07-10 16:14","1226.5","0"
"2025-07-10 16:15","1226.62","0"
"2025-07-10 16:16","1226.79","0"
"2025-07-10 16:17","1227.18","0"
"2025-07-10 16:18","1227.42","0"
"2025-07-10 16:19","1227.48","0"
"2025-07-10 16:20","1227.35","0"
"2025-07-10 16:21","1227.11","0"
"2025-07-10 16:22","1227.21","0"
"2025-07-10 16:23","1227.37","0"
"2025-07-10 16:24","1227.39","0"
"2025-07-10 16:25","1226.84","0"
"2025-07-10 16:26","1227.19","0"
"2025-07-10 16:27","1227.42","0"
"2025-07-10 16:28","1227.4","0"
"2025-07-10 16:29","1227.52","0"
"2025-07-10 16:30","1227.82","0"
"2025-07-10 16:31","1227.94","0"
"2025-07-10 16:32","1228.03","0"
"2025-07-10 16:33","1228.07","0"
"2025-07-10 16:34","1227.72","0"
"2025-07-10 16:35","1228.27","0"
"2025-07-10 16:36","1228.73","0"
"2025-07-10 16:37","1229.04","0"
"2025-07-10 16:38","1228.92","0"
"2025-07-10 16:39","1228.76","0"
"2025-07-10 16:40","1228.7","0"
"2025-07-10 16:41","1229","0"
"2025-07-10 16:42","1228.83","0"
"2025-07-10 16:43","1228.69","0"
"2025-07-10 16:44","1228.41","0"
"2025-07-10 16:45","1228.35","0"
"2025-07-10 16:46","1228.14","0"
"2025-07-10 16:47","1227.79","0"
"2025-07-10 16:48","1227.67","0"
"2025-07-10 16:49","1227.62","0"
"2025-07-10 16:50","1227.82","0"
"2025-07-10 16:51","1227.77","0"
"2025-07-10 16:52","1227.68","0"
"2025-07-10 16:53","1227.64","0"
"2025-07-10 16:54","1227.5","0"
"2025-07-10 16:55","1227.54","0"
"2025-07-10 16:56","1227.74","0"
"2025-07-10 16:57","1227.62","0"
"2025-07-10 16:58","1227.6","0"
"2025-07-10 16:59","1227.84","0"
"2025-07-10 17:00","1227.85","0"
"2025-07-10 17:01","1227.6","0"
"2025-07-10 17:02","1227.93","0"
"2025-07-10 17:03","1227.9","0"
"2025-07-10 17:04","1228.02","0"
"2025-07-10 17:05","1228.08","0"
"2025-07-10 17:06","1228.38","0"
"2025-07-10 17:07","1228.22","0"
"2025-07-10 17:08","1228.17","0"
"2025-07-10 17:09","1228","0"
"2025-07-10 17:10","1227.98","0"
"2025-07-10 17:11","1228.13","0"
"2025-07-10 17:12","1228.32","0"
"2025-07-10 17:13","1228.1","0"
"2025-07-10 17:14","1228.06","0"
"2025-07-10 17:15","1227.92","0"
"2025-07-10 17:16","1227.95","0"
"2025-07-10 17:17","1228.37","0"
"2025-07-10 17:18","1228.25","0"
"2025-07-10 17:19","1228.15","0"
"2025-07-10 17:20","1228.19","0"
"2025-07-10 17:21","1228.51","0"
"2025-07-10 17:22","1228.4","0"
"2025-07-10 17:23","1228.68","0"
"2025-07-10 17:24","1228.9","0"
"2025-07-10 17:25","1229.05","0"
"2025-07-10 17:26","1229.11","0"
"2025-07-10 17:27","1229.08","0"
"2025-07-10 17:28","1229.14","0"
"2025-07-10 17:29","1229.31","0"
"2025-07-10 17:30","1229.19","0"
"2025-07-10 17:35","1228.71","0"
"2025-07-10 18:00","1228.71","0"
"2025-07-10 18:05","1228.71","0"
"2025-07-10 19:07","1228.71","0"
"2025-07-11 09:00","1226.36","0"
"2025-07-11 09:01","1226.75","0"
"2025-07-11 09:02","1225.71","0"
"2025-07-11 09:03","1226.12","0"
"2025-07-11 09:04","1226.41","0"
"2025-07-11 09:05","1225.86","0"
"2025-07-11 09:06","1225.37","0"
"2025-07-11 09:07","1225.07","0"
"2025-07-11 09:08","1224.59","0"
"2025-07-11 09:09","1224.79","0"
"2025-07-11 09:10","1225.47","0"
"2025-07-11 09:11","1225.04","0"
"2025-07-11 09:12","1225.46","0"
"2025-07-11 09:13","1224.92","0"
"2025-07-11 09:14","1224.76","0"
"2025-07-11 09:15","1224.88","0"
"2025-07-11 09:16","1224.84","0"
"2025-07-11 09:17","1225.32","0"
"2025-07-11 09:18","1225.8","0"
"2025-07-11 09:19","1225.54","0"
"2025-07-11 09:20","1225.56","0"
"2025-07-11 09:21","1225.5","0"
"2025-07-11 09:22","1225.49","0"
"2025-07-11 09:23","1225.16","0"
"2025-07-11 09:24","1225.19","0"
"2025-07-11 09:25","1225.01","0"
"2025-07-11 09:26","1224.98","0"
"2025-07-11 09:27","1225.05","0"
"2025-07-11 09:28","1224.84","0"
"2025-07-11 09:29","1223.92","0"
"2025-07-11 09:30","1223.93","0"
"2025-07-11 09:31","1223.83","0"
"2025-07-11 09:32","1224.49","0"
"2025-07-11 09:33","1224.4","0"
"2025-07-11 09:34","1224.67","0"
"2025-07-11 09:35","1224.59","0"
"2025-07-11 09:36","1224.19","0"
"2025-07-11 09:37","1224.42","0"
"2025-07-11 09:38","1224.48","0"
"2025-07-11 09:39","1224.57","0"
"2025-07-11 09:40","1224.66","0"
"2025-07-11 09:41","1223.37","0"
"2025-07-11 09:42","1223.77","0"
"2025-07-11 09:43","1223.83","0"
"2025-07-11 09:44","1223.89","0"
"2025-07-11 09:45","1224.17","0"
"2025-07-11 09:46","1223.7","0"
"2025-07-11 09:47","1223.52","0"
"2025-07-11 09:48","1223.67","0"
"2025-07-11 09:49","1223.68","0"
"2025-07-11 09:50","1223.8","0"
"2025-07-11 09:51","1223.86","0"
"2025-07-11 09:52","1224.16","0"
"2025-07-11 09:53","1224.05","0"
"2025-07-11 09:54","1223.9","0"
"2025-07-11 09:55","1223.67","0"
"2025-07-11 09:56","1223.95","0"
"2025-07-11 09:57","1223.73","0"
"2025-07-11 09:58","1223.69","0"
"2025-07-11 09:59","1223.57","0"
"2025-07-11 10:00","1224.03","0"
"2025-07-11 10:01","1224.06","0"
"2025-07-11 10:02","1224.28","0"
"2025-07-11 10:03","1224.05","0"
"2025-07-11 10:04","1223.61","0"
"2025-07-11 10:05","1223.54","0"
"2025-07-11 10:06","1223.37","0"
"2025-07-11 10:07","1223.33","0"
"2025-07-11 10:08","1223","0"
"2025-07-11 10:09","1222.39","0"
"2025-07-11 10:10","1222.38","0"
"2025-07-11 10:11","1222.42","0"
"2025-07-11 10:12","1222.38","0"
"2025-07-11 10:13","1222.42","0"
"2025-07-11 10:14","1222.48","0"
"2025-07-11 10:15","1221.86","0"
"2025-07-11 10:16","1221.57","0"
"2025-07-11 10:17","1221.62","0"
"2025-07-11 10:18","1221.52","0"
"2025-07-11 10:19","1221.52","0"
"2025-07-11 10:20","1221.31","0"
"2025-07-11 10:21","1221.28","0"
"2025-07-11 10:22","1221.4","0"
"2025-07-11 10:23","1221.58","0"
"2025-07-11 10:24","1221.69","0"
"2025-07-11 10:25","1221.66","0"
"2025-07-11 10:26","1221.77","0"
"2025-07-11 10:27","1221.61","0"
"2025-07-11 10:28","1221.44","0"
"2025-07-11 10:29","1221.47","0"
"2025-07-11 10:30","1221.49","0"
"2025-07-11 10:31","1221.09","0"
"2025-07-11 10:32","1221.01","0"
"2025-07-11 10:33","1220.96","0"
"2025-07-11 10:34","1220.96","0"
"2025-07-11 10:35","1220.79","0"
"2025-07-11 10:36","1220.93","0"
"2025-07-11 10:37","1221.02","0"
"2025-07-11 10:38","1221.11","0"
"2025-07-11 10:39","1220.97","0"
"2025-07-11 10:40","1220.9","0"
"2025-07-11 10:41","1220.99","0"
"2025-07-11 10:42","1221.12","0"
"2025-07-11 10:43","1221.07","0"
"2025-07-11 10:44","1220.92","0"
"2025-07-11 10:45","1220.8","0"
"2025-07-11 10:46","1220.92","0"
"2025-07-11 10:47","1220.84","0"
"2025-07-11 10:48","1221.01","0"
"2025-07-11 10:49","1221.36","0"
"2025-07-11 10:50","1221.82","0"
"2025-07-11 10:51","1221.83","0"
"2025-07-11 10:52","1221.67","0"
"2025-07-11 10:53","1221.78","0"
"2025-07-11 10:54","1221.63","0"
"2025-07-11 10:55","1221.75","0"
"2025-07-11 10:56","1221.98","0"
"2025-07-11 10:57","1221.93","0"
"2025-07-11 10:58","1221.59","0"
"2025-07-11 10:59","1221.77","0"
"2025-07-11 11:00","1221.79","0"
"2025-07-11 11:01","1221.64","0"
"2025-07-11 11:02","1221.49","0"
"2025-07-11 11:03","1221.31","0"
"2025-07-11 11:04","1221.27","0"
"2025-07-11 11:05","1221.35","0"
"2025-07-11 11:06","1221.44","0"
"2025-07-11 11:07","1221.24","0"
"2025-07-11 11:08","1221.28","0"
"2025-07-11 11:09","1221.28","0"
"2025-07-11 11:10","1221.36","0"
"2025-07-11 11:11","1221.23","0"
"2025-07-11 11:12","1220.98","0"
"2025-07-11 11:13","1220.61","0"
"2025-07-11 11:14","1220.85","0"
"2025-07-11 11:15","1221.23","0"
"2025-07-11 11:16","1221.64","0"
"2025-07-11 11:17","1221.8","0"
"2025-07-11 11:18","1221.73","0"
"2025-07-11 11:19","1221.4","0"
"2025-07-11 11:20","1221.12","0"
"2025-07-11 11:21","1221.02","0"
"2025-07-11 11:22","1221.18","0"
"2025-07-11 11:23","1221.27","0"
"2025-07-11 11:24","1221.08","0"
"2025-07-11 11:25","1220.96","0"
"2025-07-11 11:26","1221.03","0"
"2025-07-11 11:27","1220.96","0"
"2025-07-11 11:28","1220.97","0"
"2025-07-11 11:29","1220.99","0"
"2025-07-11 11:30","1221.15","0"
"2025-07-11 11:31","1221.2","0"
"2025-07-11 11:32","1221.01","0"
"2025-07-11 11:33","1221.15","0"
"2025-07-11 11:34","1221.21","0"
"2025-07-11 11:35","1221.27","0"
"2025-07-11 11:36","1221.2","0"
"2025-07-11 11:37","1221.03","0"
"2025-07-11 11:38","1221.28","0"
"2025-07-11 11:39","1221.34","0"
"2025-07-11 11:40","1221.38","0"
"2025-07-11 11:41","1221.38","0"
"2025-07-11 11:42","1221.49","0"
"2025-07-11 11:43","1221.14","0"
"2025-07-11 11:44","1221.29","0"
"2025-07-11 11:45","1221.16","0"
"2025-07-11 11:46","1221.17","0"
"2025-07-11 11:47","1221.12","0"
"2025-07-11 11:48","1221.15","0"
"2025-07-11 11:49","1221.13","0"
"2025-07-11 11:50","1220.96","0"
"2025-07-11 11:51","1220.54","0"
"2025-07-11 11:52","1219.92","0"
"2025-07-11 11:53","1219.69","0"
"2025-07-11 11:54","1219.73","0"
"2025-07-11 11:55","1219.95","0"
"2025-07-11 11:56","1219.79","0"
"2025-07-11 11:57","1219.41","0"
"2025-07-11 11:58","1218.88","0"
"2025-07-11 11:59","1219.07","0"
"2025-07-11 12:00","1218.97","0"
"2025-07-11 12:01","1219.07","0"
"2025-07-11 12:02","1218.69","0"
"2025-07-11 12:03","1218.61","0"
"2025-07-11 12:04","1218.86","0"
"2025-07-11 12:05","1218.82","0"
"2025-07-11 12:06","1219.04","0"
"2025-07-11 12:07","1219.45","0"
"2025-07-11 12:08","1219.37","0"
"2025-07-11 12:09","1219.31","0"
"2025-07-11 12:10","1219.35","0"
"2025-07-11 12:11","1219.36","0"
"2025-07-11 12:12","1219.39","0"
"2025-07-11 12:13","1219.44","0"
"2025-07-11 12:14","1219.75","0"
"2025-07-11 12:15","1219.79","0"
"2025-07-11 12:16","1219.93","0"
"2025-07-11 12:17","1220","0"
"2025-07-11 12:18","1220.08","0"
"2025-07-11 12:19","1219.93","0"
"2025-07-11 12:20","1219.81","0"
"2025-07-11 12:21","1219.88","0"
"2025-07-11 12:22","1219.98","0"
"2025-07-11 12:23","1220.24","0"
"2025-07-11 12:24","1220.43","0"
"2025-07-11 12:25","1220.52","0"
"2025-07-11 12:26","1220.42","0"
"2025-07-11 12:27","1220.12","0"
"2025-07-11 12:28","1220.01","0"
"2025-07-11 12:29","1220.01","0"
"2025-07-11 12:30","1220.05","0"
"2025-07-11 12:31","1220.09","0"
"2025-07-11 12:32","1220","0"
"2025-07-11 12:33","1220.02","0"
"2025-07-11 12:34","1220.14","0"
"2025-07-11 12:35","1220.29","0"
"2025-07-11 12:36","1220.28","0"
"2025-07-11 12:37","1220.02","0"
"2025-07-11 12:38","1220.14","0"
"2025-07-11 12:39","1220.15","0"
"2025-07-11 12:40","1220.19","0"
"2025-07-11 12:41","1220.28","0"
"2025-07-11 12:42","1220.38","0"
"2025-07-11 12:43","1220.49","0"
"2025-07-11 12:44","1220.56","0"
"2025-07-11 12:45","1220.46","0"
"2025-07-11 12:46","1220.67","0"
"2025-07-11 12:47","1220.6","0"
"2025-07-11 12:48","1220.5","0"
"2025-07-11 12:49","1220.7","0"
"2025-07-11 12:50","1220.7","0"
"2025-07-11 12:51","1220.74","0"
"2025-07-11 12:52","1220.89","0"
"2025-07-11 12:53","1220.91","0"
"2025-07-11 12:54","1220.95","0"
"2025-07-11 12:55","1220.75","0"
"2025-07-11 12:56","1220.47","0"
"2025-07-11 12:57","1220.43","0"
"2025-07-11 12:58","1220.37","0"
"2025-07-11 12:59","1220.42","0"
"2025-07-11 13:00","1220.17","0"
"2025-07-11 13:01","1220.46","0"
"2025-07-11 13:02","1220.48","0"
"2025-07-11 13:03","1220.41","0"
"2025-07-11 13:04","1220.51","0"
"2025-07-11 13:05","1220.56","0"
"2025-07-11 13:06","1220.71","0"
"2025-07-11 13:07","1220.79","0"
"2025-07-11 13:08","1220.51","0"
"2025-07-11 13:09","1220.61","0"
"2025-07-11 13:10","1220.7","0"
"2025-07-11 13:11","1220.55","0"
"2025-07-11 13:12","1220.63","0"
"2025-07-11 13:13","1220.72","0"
"2025-07-11 13:14","1220.89","0"
"2025-07-11 13:15","1220.94","0"
"2025-07-11 13:16","1221.42","0"
"2025-07-11 13:17","1221.55","0"
"2025-07-11 13:18","1221.7","0"
"2025-07-11 13:19","1221.73","0"
"2025-07-11 13:20","1221.89","0"
"2025-07-11 13:21","1222.14","0"
"2025-07-11 13:22","1221.99","0"
"2025-07-11 13:23","1221.93","0"
"2025-07-11 13:24","1221.77","0"
"2025-07-11 13:25","1221.75","0"
"2025-07-11 13:26","1221.7","0"
"2025-07-11 13:27","1221.66","0"
"2025-07-11 13:28","1221.56","0"
"2025-07-11 13:29","1221.52","0"
"2025-07-11 13:30","1221.54","0"
"2025-07-11 13:31","1221.57","0"
"2025-07-11 13:32","1221.86","0"
"2025-07-11 13:33","1221.66","0"
"2025-07-11 13:34","1221.86","0"
"2025-07-11 13:35","1221.78","0"
"2025-07-11 13:36","1221.83","0"
"2025-07-11 13:37","1221.9","0"
"2025-07-11 13:38","1221.94","0"
"2025-07-11 13:39","1221.79","0"
"2025-07-11 13:40","1221.8","0"
"2025-07-11 13:41","1221.7","0"
"2025-07-11 13:42","1221.73","0"
"2025-07-11 13:43","1221.47","0"
"2025-07-11 13:44","1221.13","0"
"2025-07-11 13:45","1220.91","0"
"2025-07-11 13:46","1220.9","0"
"2025-07-11 13:47","1221.07","0"
"2025-07-11 13:48","1221.23","0"
"2025-07-11 13:49","1221.25","0"
"2025-07-11 13:50","1221.39","0"
"2025-07-11 13:51","1221.43","0"
"2025-07-11 13:52","1221.63","0"
"2025-07-11 13:53","1221.67","0"
"2025-07-11 13:54","1221.57","0"
"2025-07-11 13:55","1221.43","0"
"2025-07-11 13:56","1221.26","0"
"2025-07-11 13:57","1221.35","0"
"2025-07-11 13:58","1221.35","0"
"2025-07-11 13:59","1221.4","0"
"2025-07-11 14:00","1221.39","0"
"2025-07-11 14:01","1221.29","0"
"2025-07-11 14:02","1221.25","0"
"2025-07-11 14:03","1221.03","0"
"2025-07-11 14:04","1221.16","0"
"2025-07-11 14:05","1221.18","0"
"2025-07-11 14:06","1221.08","0"
"2025-07-11 14:07","1221.05","0"
"2025-07-11 14:08","1220.87","0"
"2025-07-11 14:09","1220.72","0"
"2025-07-11 14:10","1220.68","0"
"2025-07-11 14:11","1220.77","0"
"2025-07-11 14:12","1220.83","0"
"2025-07-11 14:13","1220.71","0"
"2025-07-11 14:14","1220.7","0"
"2025-07-11 14:15","1220.61","0"
"2025-07-11 14:16","1220.31","0"
"2025-07-11 14:17","1220.44","0"
"2025-07-11 14:18","1220.45","0"
"2025-07-11 14:19","1220.39","0"
"2025-07-11 14:20","1220.35","0"
"2025-07-11 14:21","1220.27","0"
"2025-07-11 14:22","1220.16","0"
"2025-07-11 14:23","1220.12","0"
"2025-07-11 14:24","1219.99","0"
"2025-07-11 14:25","1220.02","0"
"2025-07-11 14:26","1219.98","0"
"2025-07-11 14:27","1219.95","0"
"2025-07-11 14:28","1220.06","0"
"2025-07-11 14:29","1220.23","0"
"2025-07-11 14:30","1220.17","0"
"2025-07-11 14:31","1220.02","0"
"2025-07-11 14:32","1219.86","0"
"2025-07-11 14:33","1219.92","0"
"2025-07-11 14:34","1220.15","0"
"2025-07-11 14:35","1220.13","0"
"2025-07-11 14:36","1220.21","0"
"2025-07-11 14:37","1220.24","0"
"2025-07-11 14:38","1220.67","0"
"2025-07-11 14:39","1220.88","0"
"2025-07-11 14:40","1220.82","0"
"2025-07-11 14:41","1221.01","0"
"2025-07-11 14:42","1220.92","0"
"2025-07-11 14:43","1220.96","0"
"2025-07-11 14:44","1221.05","0"
"2025-07-11 14:45","1221.12","0"
"2025-07-11 14:46","1221.11","0"
"2025-07-11 14:47","1221.72","0"
"2025-07-11 14:48","1221.83","0"
"2025-07-11 14:49","1221.91","0"
"2025-07-11 14:50","1221.7","0"
"2025-07-11 14:51","1221.79","0"
"2025-07-11 14:52","1221.87","0"
"2025-07-11 14:53","1221.92","0"
"2025-07-11 14:54","1221.7","0"
"2025-07-11 14:55","1221.8","0"
"2025-07-11 14:56","1222.02","0"
"2025-07-11 14:57","1221.9","0"
"2025-07-11 14:58","1222.01","0"
"2025-07-11 14:59","1222.12","0"
"2025-07-11 15:00","1222.07","0"
"2025-07-11 15:01","1222.07","0"
"2025-07-11 15:02","1222.2","0"
"2025-07-11 15:03","1222.57","0"
"2025-07-11 15:04","1222.69","0"
"2025-07-11 15:05","1222.56","0"
"2025-07-11 15:06","1222.78","0"
"2025-07-11 15:07","1222.6","0"
"2025-07-11 15:08","1222.52","0"
"2025-07-11 15:09","1222.53","0"
"2025-07-11 15:10","1222.48","0"
"2025-07-11 15:11","1222.26","0"
"2025-07-11 15:12","1222.23","0"
"2025-07-11 15:13","1222.28","0"
"2025-07-11 15:14","1222.26","0"
"2025-07-11 15:15","1222.4","0"
"2025-07-11 15:16","1222.36","0"
"2025-07-11 15:17","1222.33","0"
"2025-07-11 15:18","1222.19","0"
"2025-07-11 15:19","1222.18","0"
"2025-07-11 15:20","1222.3","0"
"2025-07-11 15:21","1222.14","0"
"2025-07-11 15:22","1222.32","0"
"2025-07-11 15:23","1222.44","0"
"2025-07-11 15:24","1222.7","0"
"2025-07-11 15:25","1222.37","0"
"2025-07-11 15:26","1222.09","0"
"2025-07-11 15:27","1222.09","0"
"2025-07-11 15:28","1221.78","0"
"2025-07-11 15:29","1221.95","0"
"2025-07-11 15:30","1222.02","0"
"2025-07-11 15:31","1221.5","0"
"2025-07-11 15:32","1221.48","0"
"2025-07-11 15:33","1220.72","0"
"2025-07-11 15:34","1220.77","0"
"2025-07-11 15:35","1220.59","0"
"2025-07-11 15:36","1220.78","0"
"2025-07-11 15:37","1220.64","0"
"2025-07-11 15:38","1220.4","0"
"2025-07-11 15:39","1220.59","0"
"2025-07-11 15:40","1220.82","0"
"2025-07-11 15:41","1220.56","0"
"2025-07-11 15:42","1220.75","0"
"2025-07-11 15:43","1220.78","0"
"2025-07-11 15:44","1221.02","0"
"2025-07-11 15:45","1221.31","0"
"2025-07-11 15:46","1221.33","0"
"2025-07-11 15:47","1221.1","0"
"2025-07-11 15:48","1221.35","0"
"2025-07-11 15:49","1221.42","0"
