 Contracting Office,Procurement AAC Code,Sub Tier Code,Sub Tier Name,Notice ID,Contract Opportunity Type,Opportunity Title,Description,Current Response Date,Current Set Aside,Initiative,NAICS,PSC,Place of Performance - Country,Place of Performance - Zip,Place of Performance - City,Place of Performance - State,Interested Vendor List (IVL) Enabled,Package Attachment Count (Public),POC Name,POC Email,Unique Entity ID,Legal Business Name,Last Published Date,Inactive Date,Last Updated Date,Status
250-NETWORK CONTRACT OFFICE 10 (36C250),36C250,3600,"VETERANS AFFAIRS, DEPARTMENT OF",36C25022Q0659,Solicitation,Toyota Model 50-8FGU32 Lift Truck,<p>Request for Quote - 36C25022Q0659</p>nn<p>Toyota Model 50-8FGU32 Toyota Internal Combustion Lift Truck as specified</p>nn<p>Cannot substitute the b,"Jun 30, 2022 09:00 PM UTC",8(a) Sole Source (FAR 19.8),None,Other Engine Equipment Manufacturing,"WAREHOUSE TRUCKS AND TRACTORS, SELF-PROPELLED",USA,46953,Marion,IN,true,1,Dwight Petsche,dwight.petsche@va.gov,,,"Jun 24, 2022 07:23 PM UTC","Jul 1, 2220 12:00 AM UTC","Jun 24, 2022 07:23 PM UTC",active
CEU MIAMI(00082),70Z082,7008,U.S. COAST GUARD,PNUM32003058,Sources Sought,"Major Maintenance & Repair (M&R) at USCG AIRTSA Miami, Florida",<p><strong>USCG - CEU Miami is conducting market research to identify eligible 8(a) firms capable of providing the Design-Build&nbsp;requirement for M,"Mar 31, 2026 04:00 PM UTC",8(a) Sole Source (FAR 19.8),None,Commercial and Institutional Building Construction,REPAIR OR ALTERATION OF OTHER NON-BUILDING FACILITIES,USA,33054,Opa Locka,FL,true,,Karina Gudiel,karina.gudiel2@uscg.mil,,,"Mar 16, 2026 04:24 PM UTC","Apr 15, 2026 12:00 AM UTC","Mar 16, 2026 04:24 PM UTC",active
DEFENSE MICROELECTRONICS ACTIVITY,HQ0727,9771,DEFENSE MICROELECTRONICS ACTIVITY (DMEA),HQ072726MQ01,Combined Synopsis/Solicitation,FY26 Keysight Software Maintenance,<p>Renewal of software maintenance &amp; support for existing Keysight Technologies licenses.</p>n,"Feb 26, 2028 08:00 PM UTC",8(a) Sole Source (FAR 19.8),None,Other Computer Related Services,IT AND TELECOM - BUSINESS APPLICATION SOFTWARE (PERPETUAL LICENSE SOFTWARE),USA,95652,McClellan,CA,true,2,Michael Hallock Jr.,michael.w.hallock4.civ@mail.mil,,,"Feb 23, 2026 07:57 PM UTC","Mar 12, 2028 12:00 AM UTC","Feb 23, 2026 07:57 PM UTC",active
DEPT OF THE ARMY,,,DEPT OF THE ARMY,W900KK26TRIOSS,Special Notice,W900KK26TRIOSS Extension,<p>NOTICE OF INTENT TO AWARD SOLE SOURCE AND IS NOT A REQUEST FOR COMPETITIVE PROPOSALS. This is a notice of intent to award a sole source contract un,"Mar 11, 2026 04:00 PM UTC",8(a) Sole Source (FAR 19.8),,"All Other Professional, Scientific, and Technical Services",SUPPORT- PROFESSIONAL: ENGINEERING/TECHNICAL,USA,,Orlando,FL,true,1,Nelson Harvey,nelson.m.harvey2.civ@army.mil,,,"Feb 23, 2026 03:52 PM UTC","Mar 10, 2027 12:00 AM UTC","Feb 23, 2026 03:52 PM UTC",active
DLA AVIATION,SPE4A5,97AS,DEFENSE LOGISTICS AGENCY,SPE4A5-26,Sources Sought,Collins FY26,<p>Please review the below NIINs and provide us with any sources that are able to manufacture the item. Please provide the location of the manufacture,"Nov 24, 2026 08:00 AM UTC",8(a) Sole Source (FAR 19.8),None,,,USA,,,,true,,Karl Bryan,Karl.Bryan@dla.mil,,,"Nov 19, 2025 02:55 PM UTC","Dec 9, 2026 12:00 AM UTC","Nov 19, 2025 02:55 PM UTC",active
"DLA AVIATION AT OKLAHOMA CITY, OK",SPRTA1,97AS,DEFENSE LOGISTICS AGENCY,SPRTA1-25-R-0452,Presolicitation,"Seal, Metallic, Air Cr",<p>Synopsis</p>nn<p>FD2030-25-01580</p>nn<p>Estimated issue date 11 Aug 2025 and estimated closing/response date 27 Aug 2025.</p>nn<p>RFP #: SPRTA1-25,"Aug 27, 2025 07:00 PM UTC",8(a) Sole Source (FAR 19.8),None,Aircraft Engine and Engine Parts Manufacturing,"GAS TURBINES AND JET ENGINES, AIRCRAFT, PRIME MOVING; AND COMPONENTS",,,,,true,,Jayson Skalla,jayson.skalla@us.af.mil,,,"Aug 11, 2025 06:45 PM UTC","Aug 27, 2026 12:00 AM UTC","Aug 11, 2025 06:45 PM UTC",active
"DLA AVIATION AT OKLAHOMA CITY, OK",SPRTA1,97AS,DEFENSE LOGISTICS AGENCY,SPRTA1-25-R-0452,Solicitation,"Seal, Metallic, Air Cr",<p>NSN:&nbsp;2840-01-308-7046PR /&nbsp; PN:&nbsp;1441M38G06 / AMC: 1C</p>n,"Oct 6, 2025 07:00 PM UTC",8(a) Sole Source (FAR 19.8),None,Aircraft Engine and Engine Parts Manufacturing,"GAS TURBINES AND JET ENGINES, AIRCRAFT, PRIME MOVING; AND COMPONENTS",,,,,true,2,Jayson Skalla,jayson.skalla@us.af.mil,,,"Sep 2, 2025 01:38 PM UTC","Oct 6, 2026 12:00 AM UTC","Sep 2, 2025 01:38 PM UTC",active
EM-OAK RIDGE,893035,8900,"ENERGY, DEPARTMENT OF",89303526QEM000004,Combined Synopsis/Solicitation,Request for quote for a site characterization plan,Develop a Site Characterization Plan for the David Witherspoon Screen Arts Site (SAS) in accordance with the attached Performance Work Statement,"Jun 23, 2026 08:00 PM UTC",8(a) Sole Source (FAR 19.8),None,Remediation Services,OTHER ENVIRONMENTAL SERVICES,,,,,false,1,"Jennings, Carol S.",Carol.Jennings@orem.doe.gov,,,"Feb 23, 2026 06:07 PM UTC","Jul 8, 2026 12:00 AM UTC","Feb 23, 2026 06:07 PM UTC",active
FA4452 763 ESS,FA4452,5700,DEPT OF THE AIR FORCE,FA445226R0007,Combined Synopsis/Solicitation,352 Special Warfare Training Squadron (SWTS) - Base Camp Upgrade,<p><strong>The purpose of Amendment 2 is to extend the solicitation to 25 Mar 26.</strong></p>nn<p>This is a sole source direct 8(a) construction effo,"Mar 18, 2026 05:00 PM UTC",8(a) Sole Source (FAR 19.8),None,All Other Specialty Trade Contractors,REPAIR OR ALTERATION OF MISCELLANEOUS BUILDINGS,USA,28307,Fort Bragg,NC,true,8,Tonya Hughes,tonya.hughes.2@us.af.mil,,,"Mar 11, 2026 08:42 PM UTC","Apr 2, 2026 12:00 AM UTC","Mar 11, 2026 08:42 PM UTC",active
FA4887 56 CONS CC,FA4887,5700,DEPT OF THE AIR FORCE,F2U3125275AQ01,Sources Sought,Automatic Door Maintenance,<p><strong>SOURCES SOUGHT: THIS IS NOT A NOTICE OF REQUEST FOR QUOTATION BUT INFORMATION AND PLANNING PURPOSES ONLY!</strong>&nbsp;This notice does no,"Mar 20, 2026 09:00 PM UTC",8(a) Sole Source (FAR 19.8),None,Commercial and Industrial Machinery and Equipment (except Automotive and Electronic) Repair and Maintenance,MAINT/REPAIR/REBUILD OF EQUIPMENT- ELECTRICAL AND ELECTRONIC EQUIPMENT COMPONENT,USA,85309,Luke Air Force Base,AZ,true,2,Velma Wynn,velma.wynn.1@us.af.mil,,,"Mar 11, 2026 11:09 PM UTC","Apr 4, 2026 12:00 AM UTC","Mar 11, 2026 11:09 PM UTC",active
FA8118 AFSC PZABB,FA8118,5700,DEPT OF THE AIR FORCE,FA811825Q0006,Award Notice,Remanufacture of B-52 Jet Engine Fuel Pump,,,8(a) Sole Source (FAR 19.8),None,Other Aircraft Parts and Auxiliary Equipment Manufacturing,MAINT/REPAIR/REBUILD OF EQUIPMENT- ENGINE ACCESSORIES,USA,73145,Tinker AFB,OK,true,,,,ECLHS3KB9BG9,ITT AEROSPACE CONTROLS LLC,"Mar 9, 2026 06:38 PM UTC","Mar 20, 2026 12:00 AM UTC","Mar 9, 2026 06:38 PM UTC",active
FAO,15BFA0,1540,FEDERAL PRISON SYSTEM / BUREAU OF PRISONS,15BBNF26C00000026,Award Notice,REPLACE ROOFS USP AND FCI 1 AT FCC VICTORVILLE,,,8(a) Sole Source (FAR 19.8),None,Roofing Contractors,REPAIR OR ALTERATION OF PENAL FACILITIES,USA,92394,Victorville,CA,true,,Krista Sua,kxsua@bop.gov,CMF6MLB57BL4,"SENECA FEDERAL SOLUTIONS, LLC","Mar 11, 2026 03:32 PM UTC","Mar 26, 2026 12:00 AM UTC","Mar 11, 2026 03:32 PM UTC",active
FCI EDGEFIELD,15B303,1540,FEDERAL PRISON SYSTEM / BUREAU OF PRISONS,15B30321PWFG10001-15B30321PWG330015,Award Notice,Welding Simulator,,,8(a) Sole Source (FAR 19.8),None,Other Technical and Trade Schools,MISCELLANEOUS WELDING EQUIPMENT,USA,29824,Edgefield,SC,true,,Sammie Rhodes,s1rhodes@bop.gov,QXTVPJEWKKH9,"LINCOLN ELECTRIC COMPANY, THE","Sep 14, 2021 04:37 PM UTC","Dec 25, 2066 12:00 AM UTC","Sep 14, 2021 04:37 PM UTC",active
FCI EDGEFIELD,15B303,1540,FEDERAL PRISON SYSTEM / BUREAU OF PRISONS,15B30321PWFG10001-15B30321PWG330015,Solicitation,Welding Simulator,"<p>Items: 2 VRTEX360+ Duel User</p>nn<p></p>nn<p>The Federal Bureau of Prisons, Federal Correctional Institution, Edgefield, South Carolina intends to","Aug 31, 2021 08:00 PM UTC",8(a) Sole Source (FAR 19.8),None,Welding and Soldering Equipment Manufacturing,"EDUCATION, TRAINING, EMPLOYMENT & SOCIAL SVCS R&D SVCS; SOCIAL SVCS R&D; R&D FAC",USA,29824,Edgefield,SC,true,,Sammie Rhodes,s1rhodes@bop.gov,,,"Sep 14, 2021 04:24 PM UTC","Dec 23, 2027 12:00 AM UTC","Sep 14, 2021 04:24 PM UTC",active
FCI EDGEFIELD,15B303,1540,FEDERAL PRISON SYSTEM / BUREAU OF PRISONS,15B30321PWG330012,Award Notice,Fume Extractor Welding,<p>line item #002 Removable Welding table with 4 legs $565 each</p>nn<p>line item #003 welding Booth&nbsp; $1680.00 each</p>nn<p>line item #004&nbsp;&,,8(a) Sole Source (FAR 19.8),None,Industrial and Commercial Fan and Blower and Air Purification Equipment Manufacturing,MISCELLANEOUS WELDING EQUIPMENT,USA,29824,Edgefield,SC,true,,Sammie Rhodes,s1rhodes@bop.gov,XPLKFEYYJPJ3,Air Cleaning Specialists Inc,"Sep 13, 2021 07:37 PM UTC","Dec 23, 2026 12:00 AM UTC","Sep 13, 2021 07:37 PM UTC",active
FCI EDGEFIELD,15B303,1540,FEDERAL PRISON SYSTEM / BUREAU OF PRISONS,15B30322BELLSOUTH,Presolicitation,Communication BELLSOUTH,"<p>The Federal Bureau of Prisons, Federal Correctional Institution, Edgefield, South Carolina intends to negotiate on a sole source basis under the au","Nov 19, 2021 05:00 PM UTC",8(a) Sole Source (FAR 19.8),None,All Other Telecommunications,UTILITIES- OTHER,USA,29824,Edgefield,SC,true,,Sammie Rhodes,s1rhodes@bop.gov,,,"Nov 15, 2021 05:23 PM UTC","Dec 31, 2027 12:00 AM UTC","Nov 15, 2021 05:23 PM UTC",active
FCI EDGEFIELD,15B303,1540,FEDERAL PRISON SYSTEM / BUREAU OF PRISONS,15B30322TRICOUNTY,Presolicitation,Landfill/Solid Waste,"<p>VThe Federal Bureau of Prisons, Federal Correctional Institution, Edgefield, South Carolina intends to negotiate on a sole source basis under the a","Nov 19, 2021 05:00 PM UTC",8(a) Sole Source (FAR 19.8),None,Solid Waste Collection,HOUSEKEEPING- TRASH/GARBAGE COLLECTION,USA,29824,Edgefield,SC,true,,Sammie Rhodes,s1rhodes@bop.gov,,,"Nov 15, 2021 05:33 PM UTC","Dec 31, 2027 12:00 AM UTC","Nov 15, 2021 05:33 PM UTC",active
FLEET READINESS CENTER,N68520,1700,DEPT OF THE NAVY,,Special Notice,Notice of Intent to Sole Source Recruitment Services via Linkedin,"<p>The Commander Fleet Readiness Centers (COMFRC) Procurement Group, Patuxent River, MD 20670 hereby gives notice of their intent to award a purchase","Mar 9, 2026 07:00 PM UTC",8(a) Sole Source (FAR 19.8),None,Employment Placement Agencies,SUPPORT- MANAGEMENT: OTHER,USA,92135,San Diego,CA,true,1,,,,,"Mar 9, 2026 02:28 PM UTC","Mar 24, 2026 12:00 AM UTC","Mar 9, 2026 02:28 PM UTC",active
GREAT PLAINS AREA INDIAN HEALTH SVC,75H706,7527,INDIAN HEALTH SERVICE,IHS1523310,Special Notice,"Intent Notice - Firm Fixed-Price, Delivery Order for Licensed Clinical Social Worker (LCSW) Services for Rosebud IHS Hospital, Rosebud SD","<p>The Great Plains Area Indian Health Service hereby submits a notice of intent to award a sole source, Firm Fixed-Price, delivery order for Licensed","Mar 13, 2026 04:00 PM UTC",8(a) Sole Source (FAR 19.8),,Offices of Mental Health Practitioners (except Physicians),MEDICAL- EVALUATION/SCREENING,USA,57570,Rosebud,SD,false,1,Jarrod Cole,jarrod.cole@ihs.gov,,,"Mar 2, 2026 04:53 PM UTC","Mar 28, 2026 12:00 AM UTC","Mar 2, 2026 04:53 PM UTC",active
NASA SHARED SERVICES CENTER,80NSSC,8000,NATIONAL AERONAUTICS AND SPACE ADMINISTRATION,80NSSC26926283Q,Special Notice,SuperHERO Alignment Monitoring System (AMS) Contract,<p><strong>Synopsis:</strong></p>nn<p></p>nn<p>NASA/NSSC has a requirement for SuperHERO Alignment Monitoring System (AMS) Contract.&nbsp;</p>nn<p>NAS,"Mar 17, 2026 08:00 PM UTC",8(a) Sole Source (FAR 19.8),None,"Colleges, Universities, and Professional Schools","AIRCRAFT HYDRAULIC, VACUUM, AND DE-ICING SYSTEM COMPONENTS",USA,,,,true,1,McKenzie Hanson,mckenzie.m.hanson@nasa.gov,,,"Mar 10, 2026 05:51 PM UTC","Apr 1, 2026 12:00 AM UTC","Mar 10, 2026 05:51 PM UTC",active
NASA SHARED SERVICES CENTER,80NSSC,8000,NATIONAL AERONAUTICS AND SPACE ADMINISTRATION,80NSSC26926464Q,Special Notice,MITRE NASA NIOC Engineering Services,<p><strong>Synopsis:</strong></p>nn<p></p>nn<p>NASA/NSSC has a requirement for MITRE NASA NIOC Engineering Services.&nbsp;</p>nn<p>NASA/NSSC intends t,"Mar 9, 2026 08:00 PM UTC",8(a) Sole Source (FAR 19.8),,"All Other Professional, Scientific, and Technical Services",SUPPORT- PROFESSIONAL: PROGRAM MANAGEMENT/SUPPORT,USA,,,,true,1,McKenzie Hanson,mckenzie.m.hanson@nasa.gov,,,"Mar 2, 2026 07:31 PM UTC","Mar 24, 2026 12:00 AM UTC","Mar 2, 2026 07:31 PM UTC",active
NASA SHARED SERVICES CENTER,80NSSC,8000,NATIONAL AERONAUTICS AND SPACE ADMINISTRATION,80NSSC26926729Q,Special Notice,FY26 Zeiss ATOS SMA Renewal,<p><strong>Synopsis:</strong></p>nn<p></p>nn<p>NASA/NSSC has a requirement for FY26 Zeiss ATOS SMA Renewal.&nbsp;</p>nn<p>NASA/NSSC intends to issue a,"Mar 10, 2026 08:00 PM UTC",8(a) Sole Source (FAR 19.8),None,,IT AND TELECOM - BUSINESS APPLICATION/APPLICATION DEVELOPMENT SOFTWARE AS A SERV,USA,,,,true,1,McKenzie Hanson,mckenzie.m.hanson@nasa.gov,,,"Mar 4, 2026 01:07 PM UTC","Mar 25, 2026 12:00 AM UTC","Mar 4, 2026 01:07 PM UTC",active
NASA SHARED SERVICES CENTER,80NSSC,8000,NATIONAL AERONAUTICS AND SPACE ADMINISTRATION,80NSSC26927344Q,Special Notice,FY26 Fidelity Pointwise Renewal,<p><strong>Synopsis:</strong></p>nn<p></p>nn<p>NASA/NSSC has a requirement for FY26 Fidelity Pointwise Renewal.&nbsp;</p>nn<p>NASA/NSSC intends to iss,"Mar 17, 2026 08:00 PM UTC",8(a) Sole Source (FAR 19.8),None,Software Publishers,"IT and Telecom - End User: Help Desk; Tier 1-2, Workspace, Print, Output, Produc",USA,,,,true,1,McKenzie Hanson,mckenzie.m.hanson@nasa.gov,,,"Mar 10, 2026 05:41 PM UTC","Apr 1, 2026 12:00 AM UTC","Mar 10, 2026 05:41 PM UTC",active
NASA SHARED SERVICES CENTER,80NSSC,8000,NATIONAL AERONAUTICS AND SPACE ADMINISTRATION,80NSSC26927629Q,Special Notice,Powder Bed Fusion Development of Oxide Dispersion Strengthened Alloys,<p><strong>Synopsis:</strong></p>nn<p></p>nn<p>NASA/NSSC has a requirement for Powder Bed Fusion Development of Oxide Dispersion Strengthened Alloys.&,"Mar 18, 2026 08:00 PM UTC",8(a) Sole Source (FAR 19.8),None,All Other Support Services,MISCELLANEOUS WELDING EQUIPMENT,USA,,,,true,1,McKenzie Hanson,mckenzie.m.hanson@nasa.gov,,,"Mar 11, 2026 06:45 PM UTC","Apr 2, 2026 12:00 AM UTC","Mar 11, 2026 06:45 PM UTC",active
NATIONAL CEMETERY ADMIN (36C786),36C786,3600,"VETERANS AFFAIRS, DEPARTMENT OF",QNE--NCA-26-000003,Special Notice,Notice of Intent to Sole Source City of Port Huron -- S208,Notice of Intent to Sole Source City of Port Huron -- S208<br />Grounds Maintenance contract for Lakeside soldier's lot for station 923. Sole Source R,"Oct 1, 2025 12:00 AM UTC",8(a) Sole Source (FAR 19.8),None,Landscaping Services,HOUSEKEEPING- LANDSCAPING/GROUNDSKEEPING,USA,48442,Holly,MI,false,1,April Graves,april.graves@va.gov,,,"Sep 17, 2025 08:17 PM UTC","Mar 27, 2026 12:00 AM UTC","Sep 17, 2025 08:17 PM UTC",active
NAVAL AIR SYSTEMS COMMAND,N00019,1700,DEPT OF THE NAVY,N00019-26-RFPREQ-WPM263-0183,Presolicitation,FedTribe LLC Delivery Order for Hardware for ScanEagle UAS Platform,"<p>The Naval Air Systems Command (NAVAIR), Patuxent River, MD, intends to negotiate and award a sole-source, Firm Fixed Price (FFP) type Delivery Orde","Mar 26, 2026 09:00 PM UTC",8(a) Sole Source (FAR 19.8),None,Aircraft Manufacturing,UNMANNED AIRCRAFT,USA,98605,Bingen,WA,true,,Ashley Lyons,ashley.b.lyons.civ@us.navy.mil,,,"Mar 16, 2026 05:20 PM UTC","Mar 27, 2026 12:00 AM UTC","Mar 16, 2026 05:20 PM UTC",active
NAVAL AIR SYSTEMS COMMAND,N00019,1700,DEPT OF THE NAVY,N0001926RFPREQAPM2990346,Combined Synopsis/Solicitation,Greece Air Frame Field Service Representative (FSR),<p>The Naval Air Systems Command (NAVAIR) intends to award a Firm Fixed Price (FFP) modification to Order N00019XXXXXX under the Lockheed Martin Basic,"Mar 5, 2026 10:00 PM UTC",8(a) Sole Source (FAR 19.8),None,Other Aircraft Parts and Auxiliary Equipment Manufacturing,MAINT/REPAIR/REBUILD OF EQUIPMENT- AIRCRAFT COMPONENTS AND ACCESSORIES,GRC,,Athens,,true,,Jessica L. Lee,jessica.l.lee71.civ@us.navy.mil,,,"Feb 18, 2026 05:21 PM UTC","Mar 20, 2026 12:00 AM UTC","Feb 18, 2026 05:21 PM UTC",active
NAVFACSYSCOM MID-ATLANTIC,N40085,1700,DEPT OF THE NAVY,N4008525R0043,Solicitation,"REPLACE GENERATOR, BUILDING 372, DAM NECK ANNEX","<p>The project site is located at Dam Neck, Building 372. The scope of work involves replacing the existing 125kW, 208/120V, 3 Phase, Diesel Generator","Mar 5, 2026 07:00 PM UTC",8(a) Sole Source (FAR 19.8),None,Commercial and Institutional Building Construction,REPAIR OR ALTERATION OF PRODUCTION BUILDINGS,USA,23460,Virginia Beach,VA,true,20,Abigail Reed,abigail.m.reed13.civ@us.navy.mil,,,"Feb 19, 2026 02:45 PM UTC","Mar 20, 2026 12:00 AM UTC","Feb 19, 2026 02:45 PM UTC",active
NAVFACSYSCOM MID-ATLANTIC,N40085,1700,DEPT OF THE NAVY,N4008525R0131,Solicitation,"REPLACE ECP CANOPY, BLDG 380, DAM NECK ANNEX",<p>Design and construct a new canopy roof system at Oceana Naval Air Station Dam Neck Annex at the Naval Special Warfare Development Group (NSWDG) Ent,"Mar 19, 2026 06:00 PM UTC",8(a) Sole Source (FAR 19.8),None,Commercial and Institutional Building Construction,REPAIR OR ALTERATION OF MISCELLANEOUS BUILDINGS,USA,23460,Virginia Beach,VA,true,18,Abigail Reed,abigail.m.reed13.civ@us.navy.mil,,,"Mar 12, 2026 02:39 PM UTC","Apr 3, 2026 12:00 AM UTC","Mar 12, 2026 02:39 PM UTC",active
NAVFACSYSCOM SOUTHEAST,N69450,1700,DEPT OF THE NAVY,N69450-25-C-1028,Award Notice,"B118, B608, B987 Generators",,,8(a) Sole Source (FAR 19.8),None,Other Building Equipment Contractors,REPAIR OR ALTERATION OF OTHER UTILITIES,USA,32212,Jacksonville,FL,true,,Aeon-Domini Charfauros,aeondomini.f.charfauros.civ@us.navy.mil,MNX2V9L3PE33,"ADVANCED MANAGEMENT GROUP, L.L.C.","Aug 12, 2025 07:32 PM UTC","Oct 26, 2026 12:00 AM UTC","Aug 12, 2025 07:32 PM UTC",active
NAVFACSYSCOM SOUTHEAST,N69450,1700,DEPT OF THE NAVY,N6945020C0061,Award Notice,"Replace HVAC System, B3040","<p>This action was awarded using FAR Part 19.8 procedures.&nbsp; This contract contains options for replacement of roof, electrical system, fire suppr",,8(a) Sole Source (FAR 19.8),None,Commercial and Institutional Building Construction,MAINTENANCE OF MISSILE SYSTEM FACILITIES,USA,31547,Kings Bay,GA,true,,Garry Murphy,garry.murphy@navy.mil,KW2RL9X5L5C4,"MACHIS MID-ATLANTIC, INC","Sep 9, 2020 01:39 PM UTC","Sep 8, 2050 12:00 AM UTC","Sep 9, 2020 01:39 PM UTC",active
NAVFACSYSCOM SOUTHEAST,N69450,1700,DEPT OF THE NAVY,N6945020C0082,Award Notice,Reconfigure B1052,"<p>This is a 8(a) sole source noncompetitive action.&nbsp; A firm fixed price contract was awarded to:</p>nn<p>Work includes providing all labor, mate",,8(a) Sole Source (FAR 19.8),None,Commercial and Institutional Building Construction,MAINTENANCE OF OTHER ADMINISTRATIVE FACILITIES AND SERVICE BUILDINGS,USA,31547,Kings Bay,GA,true,,"Karen 'Katie' Register",karen.register@navy.mil,U653PUNVD3W5,"SOUTHERN AIRE CONTRACTING, INC.","Sep 30, 2020 01:52 PM UTC","Sep 29, 2050 12:00 AM UTC","Sep 30, 2020 01:52 PM UTC",active
NAVFACSYSCOM SOUTHWEST,N62473,1700,DEPT OF THE NAVY,N6247326R0014,Solicitation,R503-26 MOLD ABATMENT @ VARIOUS BASE,"AMENDMENT- 0006 Extend Proposal Due Date for (RFP) N62473-26-R-0014 PTO TBD, R503-26 MOLD ABATMENT @ VARIOUS BASE at MCAGCC, Twentynine Palms, CA.THE","Mar 13, 2026 01:00 AM UTC",8(a) Sole Source (FAR 19.8),None,Commercial and Institutional Building Construction,CONSTRUCTION OF OTHER ADMINISTRATIVE FACILITIES AND SERVICE BUILDINGS,,92278,,,true,4,Esmeralda Raggio,esmeralda.l.raggio.civ@us.navy.mil,,,"Mar 9, 2026 06:22 PM UTC","Mar 9, 2027 12:00 AM UTC","Mar 9, 2026 06:22 PM UTC",active
NAVFACSYSCOM SOUTHWEST,N62473,1700,DEPT OF THE NAVY,N6247326R0023,Solicitation,R501-26 REPAIR WELL 4A INCLUDING PHYSICAL SECURITY @ B2329 UT,Login at https://piee.eb.mil and search for 'N6247326R0023' to obtain more details.*,"Mar 24, 2026 01:00 AM UTC",8(a) Sole Source (FAR 19.8),None,Commercial and Institutional Building Construction,REPAIR OR ALTERATION OF OTHER ADMINISTRATIVE FACILITIES AND SERVICE BUILDINGS,,92278,,,false,3,Esmeralda Raggio,esmeralda.l.raggio.civ@us.navy.mil,,,"Feb 19, 2026 06:41 PM UTC","Feb 19, 2027 12:00 AM UTC","Feb 19, 2026 06:41 PM UTC",active
NAVFACSYSCOM SOUTHWEST,N62473,1700,DEPT OF THE NAVY,N6247326R0024,Solicitation,R502-26 MCAGCC WATER LEAK MITIGATION UT,Login at https://piee.eb.mil and search for 'N6247326R0024' to obtain more details.*,"Mar 25, 2026 01:00 AM UTC",8(a) Sole Source (FAR 19.8),None,Commercial and Institutional Building Construction,REPAIR OR ALTERATION OF OTHER ADMINISTRATIVE FACILITIES AND SERVICE BUILDINGS,,92278,,,true,3,Esmeralda Raggio,esmeralda.l.raggio.civ@us.navy.mil,,,"Mar 16, 2026 06:25 PM UTC","Mar 16, 2027 12:00 AM UTC","Mar 16, 2026 06:25 PM UTC",active
NAVSUP FLT LOG CTR NORFOLK,N00189,1700,DEPT OF THE NAVY,N0018926RL002,Combined Synopsis/Solicitation,Warehouse Storage Support Services,<p><strong>Synopsis for Solicitation number N0018926RL002</strong></p>nn<p><strong>(Warehouse and Storage Support Services)</strong></p>nn<p>The Naval,"Mar 23, 2026 03:00 PM UTC",8(a) Sole Source (FAR 19.8),None,General Warehousing and Storage,HOUSEKEEPING- WAREHOUSING/STORAGE,USA,23511,Norfolk,VA,true,13,Brittany Simmons,brittany.s.simmons3.civ@us.navy.mil,,,"Mar 16, 2026 01:29 PM UTC","Apr 7, 2026 12:00 AM UTC","Mar 16, 2026 01:29 PM UTC",active
NAVSUP FLT LOG CTR PUGET SOUND,N00406,1700,DEPT OF THE NAVY,N0040626QS207,Solicitation,"INTENT TO SOLE SOURCE: OEM (Vestdavit, Inc.) Service Repairs for VESTDAVIT Controllers",<p>To provide OEM Service Technician for repairs of the VESTDAVIT Controllers. Repair and inspection of<br />nterminal / radio control for controller,"Mar 6, 2026 06:00 PM UTC",8(a) Sole Source (FAR 19.8),None,"Overhead Traveling Crane, Hoist, and Monorail System Manufacturing","WINCHES, HOISTS, CRANES, AND DERRICKS",USA,,Edmonds,WA,true,4,Shawn Comparto,shawn.k.comparto.civ@us.navy.mil,,,"Mar 6, 2026 03:47 PM UTC","Apr 4, 2026 12:00 AM UTC","Mar 6, 2026 03:47 PM UTC",active
NAVSUP WEAPON SYSTEMS SUPPORT,N00383,1700,DEPT OF THE NAVY,N0038326RB056,Solicitation,RFP: N00383-26-R-B056; FMS Repair,<p>See attachment.</p>n,"Apr 13, 2026 08:00 PM UTC",8(a) Sole Source (FAR 19.8),None,Other Communications Equipment Manufacturing,UNDERWATER SOUND EQUIPMENT,,,,,false,1,Electronic Mail: GRACE.V.MCGINLEY.CIV@US.NAVY.MIL,GRACE.V.MCGINLEY.CIV@US.NAVY.MIL,,,"Mar 13, 2026 05:18 PM UTC","Apr 28, 2026 12:00 AM UTC","Mar 13, 2026 05:18 PM UTC",active
NAVSUP WEAPON SYSTEMS SUPPORT,N00383,1700,DEPT OF THE NAVY,N0038326Y9505,Presolicitation,Synopsis for Repair 7RH 4810 014448517 V2,<p>NAVSUP Weapon Systems Support (NAVSUP WSS) Philadelphia intends to solicit on a sole source basis with&nbsp; Eaton (Cage: 86090).&nbsp;NAVSUP Weapo,"Mar 9, 2026 10:09 AM UTC",8(a) Sole Source (FAR 19.8),None,Other Aircraft Parts and Auxiliary Equipment Manufacturing,"VALVES, POWERED",USA,19111,,PA,false,,Telephone: 2156976549,KATLYN.M.GALETTO.CIV@US.NAVY.MIL,,,"Feb 19, 2026 03:30 PM UTC","Mar 24, 2026 12:00 AM UTC","Feb 19, 2026 03:30 PM UTC",active
NAVSUP WEAPON SYSTEMS SUPPORT MECH,N00104,1700,DEPT OF THE NAVY,N0010424QYE40,Presolicitation,VALVE LINEAR DIRECT,"<p>NSN 4820 015672305, TDP VER 002, QTY 2 EA, DELIVER TO W25G1U, DLA DISTRIBUTION NEW CUMBERLAND, PA, 17070-, INDUCTION NIIN IS 7H, 4820, 015672305, V","Mar 3, 2026 08:30 PM UTC",8(a) Sole Source (FAR 19.8),None,Other Metal Valve and Pipe Fitting Manufacturing,"VALVES, NONPOWERED",,,,,true,,Telephone: 7176055937,TYREESE.C.SMITH.CIV@US.NAVY.MIL,,,"Feb 3, 2026 09:48 AM UTC","Mar 18, 2026 12:00 AM UTC","Feb 3, 2026 09:48 AM UTC",active
NIWC ATLANTIC,N65236,1700,DEPT OF THE NAVY,N6523624Q0360,Presolicitation,XG-75 Radio Repairs,"Naval Information Warfare Center (NIWC) Atlantic intends to award a Firm Fixed Price purchase order to L3 Harris,. The Government has a requirement fo","Sep 18, 2025 03:00 PM UTC",8(a) Sole Source (FAR 19.8),None,Electronic and Precision Equipment Repair and Maintenance,MISCELLANEOUS COMMUNICATION EQUIPMENT,,,,,true,4,Javier RIVERA-FLOREZ,javier.a.rivera-florez.civ@us.navy.mil,,,"Sep 4, 2025 11:01 PM UTC","Sep 4, 2026 12:00 AM UTC","Sep 4, 2025 11:01 PM UTC",active
NIWC PACIFIC,N66001,1700,DEPT OF THE NAVY,1301315605,Special Notice,N66001-26-Q-6061 - Notice of Intent to Sole Source to PicoQuant Photonics North America Inc.,"The Department of the Navy, Naval Information Warfare Center Pacific (NIWC Pacific) hereby publicizes its intention to solicit, negotiate, and award a","Feb 12, 2026 07:00 PM UTC",8(a) Sole Source (FAR 19.8),None,Analytical Laboratory Instrument Manufacturing,"OPTICAL INSTRUMENTS, TEST EQUIPMENT, COMPONENTS AND ACCESSORIES",,,,,true,4,Paolo Mendoza,paolo.r.mendoza.civ@us.navy.mil,,,"Feb 5, 2026 08:11 PM UTC","Feb 5, 2027 12:00 AM UTC","Feb 5, 2026 08:11 PM UTC",active
NIWC PACIFIC,N66001,1700,DEPT OF THE NAVY,N6600125Q6263,Special Notice,"Notice of Intent to Award Sole Source to Siemens Industry, Inc.","Naval Information Warfare Center, Pacific (NIWC Pacific) hereby publicizes its intention to solicit, negotiate, and award a Firm-Fixed-Price purchase","Jun 25, 2025 05:00 PM UTC",8(a) Sole Source (FAR 19.8),None,Electronic and Precision Equipment Repair and Maintenance,MAINTENANCE OF ELECTRONIC AND COMMUNICATIONS FACILITIES,,98008,,,true,4,Jason Adame-Quenell,jason.adame-quenell.civ@us.navy.mil,,,"Jun 24, 2025 02:00 PM UTC","Jun 24, 2026 12:00 AM UTC","Jun 24, 2025 02:00 PM UTC",active
NIWC PACIFIC,N66001,1700,DEPT OF THE NAVY,N6600125Q6300,Special Notice,Notice of Intent to Award Sole Source to L3 Harris,"Naval Information Warfare Center, Pacific (NIWC Pacific) hereby publicizes its intention to solicit, negotiate, and award a Firm-Fixed-Price purchase","Jul 19, 2025 12:00 AM UTC",8(a) Sole Source (FAR 19.8),None,Electronic and Precision Equipment Repair and Maintenance,"RADIO AND TELEVISION COMMUNICATION EQUIPMENT, EXCEPT AIRBORNE",,92152,,,true,4,Jason Adame-Quenell,jason.adame-quenell.civ@us.navy.mil,,,"Jul 14, 2025 08:55 PM UTC","Jul 14, 2026 12:00 AM UTC","Jul 14, 2025 08:55 PM UTC",active
NSWC CRANE,N00164,1700,DEPT OF THE NAVY,N0016426Q0058,Combined Synopsis/Solicitation,SOLE SOURCE BRAND NAME - BATTERY PACKS,<p>N0016426Q0058 &ndash; SOLE SOURCE BRAND NAME - BATTERY PACKS &ndash; PSC 6140 -&nbsp;NAICS 335910 - ISSUE DATE 24 FEB 2026 &ndash; CLOSING DATE 3 M,"Mar 3, 2026 05:00 PM UTC",8(a) Sole Source (FAR 19.8),None,Battery Manufacturing,"BATTERIES, RECHARGEABLE",,,,,true,1,CASSIDY SHAW,cassidy.k.shaw.civ@us.navy.mil,,,"Feb 24, 2026 07:15 PM UTC","Apr 17, 2026 12:00 AM UTC","Feb 24, 2026 07:15 PM UTC",active
NSWC DAHLGREN,N00178,1700,DEPT OF THE NAVY,N0017826D4300,Award Notice,Design to Build IDIQ,"<p>In accordance with FAR 19.805-1(b)(2) and CFR &sect;124.506, NSWCDD has determined it to be in the Government&rsquo;s best interest to make a direc",,8(a) Sole Source (FAR 19.8),None,,MAINTENANCE OF GOVERNMENT-OWNED GOVERNMENT-OPERATED (GOGO) R&D FACILITIES,USA,,Dahlgren,VA,true,,Sara Haug,sara.n.haug.civ@us.navy.mil,,Puyenpa Construction LLC,"Mar 11, 2026 01:42 PM UTC","Apr 9, 2026 12:00 AM UTC","Mar 11, 2026 01:42 PM UTC",active
NSWC INDIAN HEAD DIVISION,N00174,1700,DEPT OF THE NAVY,N00174-25-SIMACQ-R1-0046,Special Notice,Rapid Screening Device,"<p><strong>THIS IS A NOTICE OF INTENT TO SOLE SOURCE, NOT A REQUEST FOR A QUOTE (RFQ).&nbsp; A RFQ WILL NOT BE ISSUED AND QUOTES WILL NOT BE REQUESTED","May 17, 2026 08:00 PM UTC",8(a) Sole Source (FAR 19.8),None,Analytical Laboratory Instrument Manufacturing,CHEMICAL ANALYSIS INSTRUMENTS,USA,20640,Indian Head,MD,true,,Sharon Cooper,sharon.cooper@navy.mil,,,"May 7, 2025 07:49 PM UTC","Jun 1, 2026 12:00 AM UTC","May 7, 2025 07:49 PM UTC",active
NUWC DIV NEWPORT,N66604,1700,DEPT OF THE NAVY,N66604-21-Q-0134,Combined Synopsis/Solicitation,Underwater Scanning Laser Velocimeter,"<p>The Naval Undersea Warfare Center, Division Newport (NUWCDIVNPT) intends to award a firm fixed price purchase order on a sole source basis to Newto","Jan 22, 2021 07:00 PM UTC",8(a) Sole Source (FAR 19.8),None,Analytical Laboratory Instrument Manufacturing,IT AND TELECOM - APPLICATION DEVELOPMENT SOFTWARE (PERPETUAL LICENSE SOFTWARE),USA,98057,Renton,WA,true,3,Kevin E. Silva,kevin.e.silva@navy.mil,,,"Jan 15, 2021 06:38 PM UTC","Dec 31, 2121 12:00 AM UTC","Jan 15, 2021 06:38 PM UTC",active
OFFICE OF NAVAL RESEARCH,N00014,1700,DEPT OF THE NAVY,N0001426C4001,Award Notice,ONR Code 02 Support Services,"<p>The Office of Naval Research (ONR) seeks administrative support<br />nservices for the Contracts, Grants and Acquisition Department (Code<br />n02)",,8(a) Sole Source (FAR 19.8),None,,SUPPORT- MANAGEMENT: CONTRACT/PROCUREMENT/ACQUISITION SUPPORT,USA,22203,,VA,true,,"Dent, Mary Helen",Mary.Dent@navy.mil,XG32CSGYKGM8,"CHEROKEE STRATEGIC SOLUTIONS, L.L.C.","Dec 4, 2025 08:15 PM UTC","Dec 1, 2026 12:00 AM UTC","Dec 4, 2025 08:15 PM UTC",active
PORTSMOUTH NAVAL SHIPYARD GF,N39040,1700,DEPT OF THE NAVY,N3904023Q0126,Special Notice,"Intent to Award Sole Source - Hyspan Precision Products, Inc.","<p><strong>NOTICE OF INTENT TO AWARD A SOLE SOURCE CONTRACT</strong> Under the authority of FAR 6.302-1, the Portsmouth Naval Shipyard, Contracting De","Apr 20, 2023 12:00 PM UTC",8(a) Sole Source (FAR 19.8),None,All Other Miscellaneous Fabricated Metal Product Manufacturing,HOSE AND FLEXIBLE TUBING,USA,03904,Kittery Point,ME,false,1,Madalyn Lavoie,madalyn.r.lavoie.civ@us.navy.mil,,,"Apr 13, 2023 01:52 PM UTC","Apr 21, 2032 12:00 AM UTC","Apr 13, 2023 01:52 PM UTC",active
SFLC PROCUREMENT BRANCH 2(00085),70Z085,7008,U.S. COAST GUARD,70Z08526N40071B00,Special Notice,"PURIFIER, CENTRIFUGAL",<p>Special Notice.</p>nn<p>Item is Sole Source.&nbsp;</p>nn<p>Please read Attachments.</p>n,"Mar 17, 2026 05:00 PM UTC",8(a) Sole Source (FAR 19.8),None,Commercial and Service Industry Machinery Manufacturing,WATER PURIFICATION EQUIPMENT,USA,21226,Curtis Bay,MD,true,2,Carlos Diaz Garcia,Carlos.A.DiazGarcia@uscg.mil,,,"Mar 12, 2026 05:19 PM UTC","Apr 1, 2026 12:00 AM UTC","Mar 12, 2026 05:19 PM UTC",active
SFLC PROCUREMENT BRANCH 2(00085),70Z085,7008,U.S. COAST GUARD,70Z08526Q001970,Special Notice,USCGC PATOKA MONITORING SYSTEM UPGRADE,"<p><strong><u>NOTICE OF INTENT TO SOLE SOURCE 70Z08526Q001970</u></strong></p>nn<p></p>nn<p>The Department of Homeland Security {DHS}, United States C","Mar 20, 2026 03:00 PM UTC",8(a) Sole Source (FAR 19.8),None,Ship Building and Repairing,MAINT/REPAIR/REBUILD OF EQUIPMENT- SHIP AND MARINE EQUIPMENT,USA,23320,Chesapeake,VA,true,2,"McTague, Sean",Sean.P.McTague@uscg.mil,,,"Mar 11, 2026 08:13 PM UTC","Apr 4, 2026 12:00 AM UTC","Mar 11, 2026 08:13 PM UTC",active
SFLC PROCUREMENT BRANCH 2(00085),70Z085,7008,U.S. COAST GUARD,70Z08526Q001977,Special Notice,USCGC WEDGE THROTTLE CONTROLLER UPGRADE,<p><strong>This is a combined synopsis/solicitation</strong></p>nn<p></p>nn<p>This is a combined synopsis/solicitation for commercial items/services p,"Mar 3, 2026 01:00 PM UTC",8(a) Sole Source (FAR 19.8),None,Ship Building and Repairing,MAINT/REPAIR/REBUILD OF EQUIPMENT- SHIP AND MARINE EQUIPMENT,USA,23320,Chesapeake,VA,true,1,"McTague, Sean",Sean.P.McTague@uscg.mil,,,"Feb 27, 2026 06:55 PM UTC","Mar 18, 2026 12:00 AM UTC","Feb 27, 2026 06:55 PM UTC",active
U.S. MARSHALS SERVICE,,,U.S. MARSHALS SERVICE,PODDetentionFacilitySME2026,Special Notice,Detention Facility Subject Matter Experts,"<p>The United States Marshals Service, Prisoner Operations Division, is seeking contractor assistance to provide a contract On-Site Subject Matter Exp","Mar 9, 2026 08:00 PM UTC",8(a) Sole Source (FAR 19.8),None,Facilities Support Services,SUPPORT- PROFESSIONAL: OTHER,USA,,Baltimore,MD,true,1,Tara Gray,Tara.Gray@usdoj.gov,,,"Mar 3, 2026 04:12 PM UTC","Mar 24, 2026 12:00 AM UTC","Mar 3, 2026 04:12 PM UTC",active
US ARMY ENGINEER DISTRICT MOBILE,W91278,2100,DEPT OF THE ARMY,W9127824R0056,Award Notice,Indefinite Delivery Indefinite Quantity (IDIQ) Single Award Task Order Contract (SATOC) For General Repair and Construction at Department Of Homeland Security (DHS) Center for Domestic Preparedness (CDP),<p>This contract action was not awarded competitively. It was solicited to a single source in accordance with FAR Subpart 19.8 - Contracting with the,,8(a) Sole Source (FAR 19.8),None,Commercial and Institutional Building Construction,CONSTRUCTION OF MISCELLANEOUS BUILDINGS,USA,36201,Anniston,AL,true,,Chanda D. Strenth,chanda.d.strenth@usace.army.mil,YM4WJ89Q1NE6,"DOMINGUEZ DESIGN-BUILD, INC","Sep 26, 2024 03:21 PM UTC","Sep 30, 2026 12:00 AM UTC","Sep 26, 2024 03:21 PM UTC",active
W076 ENDIST FT WORTH,W9126G,2100,DEPT OF THE ARMY,W9126G26RA026,Solicitation,B6413 BUILDING RENOVATION SECURE SPACE,Login at https://piee.eb.mil and search for 'W9126G26RA026' to obtain more details.*,"Jan 20, 2026 08:00 PM UTC",8(a) Sole Source (FAR 19.8),None,Commercial and Institutional Building Construction,REPAIR OR ALTERATION OF OTHER AIRFIELD STRUCTURES,,71110,,,true,3,Bijay Gurung,bijay.gurung@usace.army.mil,,,"Jan 12, 2026 10:46 PM UTC","Jan 12, 2027 12:00 AM UTC","Jan 12, 2026 10:46 PM UTC",active
W076 ENDIST FT WORTH,W9126G,2100,DEPT OF THE ARMY,W9126G26RA042,Solicitation,RENOVATE CORROSION CONTROL HANGAR BLG 6626,Login at https://piee.eb.mil and search for 'W9126G26RA042' to obtain more details.*,"Dec 23, 2025 08:00 PM UTC",8(a) Sole Source (FAR 19.8),None,Commercial and Institutional Building Construction,REPAIR OR ALTERATION OF OTHER AIRFIELD STRUCTURES,,71110,,,true,3,Bijay Gurung,bijay.gurung@usace.army.mil,,,"Dec 9, 2025 09:05 PM UTC","Dec 9, 2026 12:00 AM UTC","Dec 9, 2025 09:05 PM UTC",active
W076 ENDIST TULSA,W912BV,2100,DEPT OF THE ARMY,W912BV25RA001,Award Notice,"Asphalt Road Work at Keystone Lake, Oklahoma","Contract award of Asphalt Road Work at Keystone Lake, Oklahoma.",,8(a) Sole Source (FAR 19.8),None,"Highway, Street, and Bridge Construction",REPAIR OR ALTERATION OF HIGHWAYS/ROADS/STREETS/BRIDGES/RAILWAYS,,74020,,,true,,Cheyenne Redemann,cheyenne.a.redemann@usace.army.mil,JB9LEDWB9MN9,ACU CONSTRUCTION LLC,"Jul 16, 2025 06:23 PM UTC","Jul 16, 2026 12:00 AM UTC","Jul 16, 2025 06:23 PM UTC",active
W076 ENDIST TULSA,W912BV,2100,DEPT OF THE ARMY,W912BV25RA038,Solicitation,B9001 76 SWEG 187(SCIF),Login at https://piee.eb.mil and search for 'W912BV25RA038' to obtain more details.*,"Sep 16, 2025 06:00 PM UTC",8(a) Sole Source (FAR 19.8),None,Commercial and Institutional Building Construction,REPAIR OR ALTERATION OF OTHER ADMINISTRATIVE FACILITIES AND SERVICE BUILDINGS,,,,,true,3,Kordel Tyler,kordel.m.tyler@usace.army.mil,,,"Sep 15, 2025 09:40 PM UTC","Sep 15, 2026 12:00 AM UTC","Sep 15, 2025 09:40 PM UTC",active
W2SD ENDIST BALTIMORE,W912DR,2100,DEPT OF THE ARMY,W912DR25Q0011,Combined Synopsis/Solicitation,Quorum Congressional Subscription Services,Login at https://piee.eb.mil and search for 'W912DR25Q0011' to obtain more details.*,"Jun 2, 2025 09:00 PM UTC",8(a) Sole Source (FAR 19.8),None,Software Publishers,IT AND TELECOM - BUSINESS APPLICATION/APPLICATION DEVELOPMENT SUPPORT SERVICES (,,21201,,,true,3,Neil Gonzalez,Neil.O.Gonzalez@usace.army.mil,,,"May 20, 2025 02:26 PM UTC","May 20, 2026 12:00 AM UTC","May 20, 2025 02:26 PM UTC",active
W2SD ENDIST BALTIMORE,W912DR,2100,DEPT OF THE ARMY,W912DR25QA007,Presolicitation,Online FedRAMP Licenses,Login at https://piee.eb.mil and search for 'W912DR25QA007' to obtain more details.*,"Mar 26, 2025 10:00 PM UTC",8(a) Sole Source (FAR 19.8),None,Software Publishers,IT AND TELECOM - BUSINESS APPLICATION/APPLICATION DEVELOPMENT SUPPORT SERVICES (,,,,,false,3,Neil Gonzalez,Neil.O.Gonzalez@usace.army.mil,,,"Mar 18, 2025 02:47 PM UTC","Mar 18, 2026 12:00 AM UTC","Mar 18, 2025 02:47 PM UTC",active
W6QK ACC WVA,W911PT,2100,DEPT OF THE ARMY,W911PT26PA054,Award Notice,"Hot Water Loop Repair Watervliet Arsenal, Watervliet NY","<p>This contract was a direct 8(a) sole source with DMyles Inc., Niagara Falls, New York.</p>nn<p></p>n",,8(a) Sole Source (FAR 19.8),None,Commercial and Industrial Machinery and Equipment (except Automotive and Electronic) Repair and Maintenance,"MAINT/REPAIR/REBUILD OF EQUIPMENT- PLUMBING, HEATING, AND WASTE DISPOSAL EQUIPME",USA,12189,Watervliet,NY,true,1,Christopher Battiste,christopher.k.battiste.civ@army.mil,HS24M3JAGVU5,DMYLES INC.,"Mar 16, 2026 08:03 PM UTC","Mar 31, 2026 12:00 AM UTC","Mar 16, 2026 08:03 PM UTC",active
W6QK ACC WVA,W911PT,2100,DEPT OF THE ARMY,W911PT26QA036,Solicitation,"Reactive Services for Machine Maintenance/Repairs and Maintenance/Repairs at the Watervliet Arsenal, Watervliet NY.","<p>This acquisition will be a direct 8(a) sole source with DMyles Inc., (CAGE: 723U0), Niagara Falls, NY 14305.</p>nn<p>Contractor to provide Reactive","Mar 16, 2026 04:00 PM UTC",8(a) Sole Source (FAR 19.8),None,Commercial and Industrial Machinery and Equipment (except Automotive and Electronic) Repair and Maintenance,MAINT/REPAIR/REBUILD OF EQUIPMENT- SPECIAL INDUSTRY MACHINERY,USA,12189,Watervliet,NY,false,1,Christopher Battiste,christopher.k.battiste.civ@army.mil,,,"Mar 5, 2026 03:20 PM UTC","Mar 31, 2026 12:00 AM UTC","Mar 5, 2026 03:20 PM UTC",active
W6QK ACC- DTA,W912CH,2100,DEPT OF THE ARMY,W912CH-26-R-0039,Sources Sought,Operator and Maintainer Technical Manual for the Forward Repair System (FRS),<p>Operator and Maintainer Manual for the Forward Repair System (FRS) Sources Sought.</p>nn<p>Additional information is enclosed in the attachment.</p,"Mar 13, 2026 07:00 PM UTC",8(a) Sole Source (FAR 19.8),None,Book Publishers,BOOKS AND PAMPHLETS,,,,,false,1,Barbara Rogowski,barbara.rogowski2.civ@army.mil,,,"Feb 11, 2026 07:09 PM UTC","Mar 28, 2026 12:00 AM UTC","Feb 11, 2026 07:09 PM UTC",active
W6QM MICC-FT KNOX,W9124D,2100,DEPT OF THE ARMY,W9124D26DA003,Award Notice,Fort Knox NEC Wiring,"<p>Communications infrastructure wiring construction task order contract for facilities on Fort Knox, KY and supported by the Fort Knox local Network",,8(a) Sole Source (FAR 19.8),None,Electrical Contractors and Other Wiring Installation Contractors,REPAIR OR ALTERATION OF MISCELLANEOUS BUILDINGS,USA,40121,Fort Knox,KY,true,,Wesley E Dowell,wesley.e.dowell.civ@army.mil,Z8HGMC5U9CT6,"OCS-NCS JV II, LLC","Feb 18, 2026 07:28 PM UTC","Apr 15, 2026 12:00 AM UTC","Feb 18, 2026 07:28 PM UTC",active
WASHINGTON HEADQUARTERS SERVICES,HQ0034,97F5,WASHINGTON HEADQUARTERS SERVICES (WHS),HQ003425RE161,Solicitation,25_046 CNVT 08E12 OSD DA M RFP,Login at https://piee.eb.mil and search for 'HQ003425RE161' to obtain more details.*,"Sep 23, 2025 07:00 PM UTC",8(a) Sole Source (FAR 19.8),None,Commercial and Institutional Building Construction,REPAIR OR ALTERATION OF OFFICE BUILDINGS,,22350,,,true,3,Melvina L. McNeill,melvina.l.mcneill.civ@mail.mil,,,"Sep 16, 2025 07:56 PM UTC","Sep 16, 2026 12:00 AM UTC","Sep 16, 2025 07:56 PM UTC",active
,,,,47PH0526C0001,Award Notice,"Design Build Security System Infrastructure Installation US Post Office and Courthouse Ave Texarkana, AR",<p>SBA 8(a) Set Aside Sole Source Procurement</p>n,,8(a) Sole Source (FAR 19.8),None,Commercial and Institutional Building Construction,REPAIR OR ALTERATION OF OFFICE BUILDINGS,USA,71854,,AR,false,,Stephan J. Harris,stephan.harris@gsa.gov,LZCXKCPHBNF4,"BIG C CONSTRUCTION, L.L.C","Oct 29, 2025 03:34 PM UTC","Nov 13, 2026 12:00 AM UTC","Oct 29, 2025 03:34 PM UTC",active
