<?xml version="1.0" encoding="utf-8"?>
<comments>
	<commentData>
		<itemNumber>Item 2(c)(4)</itemNumber>
		<fieldName>Original Term Loan Number</fieldName>
		<comment>For anticipated repayment date mortgage loans: the original term loan number represents the term of the mortgage loan through the anticipated repayment date, rather than the actual Maturity Date.</comment>
	</commentData>
	<commentData>
		<itemNumber>Item 2(c)(15)</itemNumber>
		<fieldName>Loan Structure Code</fieldName>
		<comment>For the mortgage loan identified as Asset Number 24 the mortgage loan is evidenced by one or more senior pari passu notes that are part of a loan combination that consists of one or more senior pari-passu notes and one or more subordinate notes. In each case, one or more of the other senior pari-passu notes, and the subordinate notes are not included in the trust.</comment>
	</commentData>
	<commentData>
		<itemNumber>Item 2(c)(18)</itemNumber>
		<fieldName>Scheduled Principal Balance Securitization Amount</fieldName>
		<comment>With respect to each mortgage loan, the principal balance shown reflects the principal balance as of the Cut-off Date, assuming that any payment due on the Cut-off Date is made, and that no voluntary principal prepayments or casualty or condemnation proceeds are received.</comment>
	</commentData>
	<commentData>
		<itemNumber>Item 2(d)(1)</itemNumber>
		<fieldName>Property Name</fieldName>
		<comment>For mortgage loans that are part of a loan combination, the related mortgaged property or properties secures the entire loan combination, including one or more companion loans not included in the trust.</comment>
	</commentData>
	<commentData>
		<itemNumber>Item 2(d)(2)</itemNumber>
		<fieldName>Property Address</fieldName>
		<comment>With respect to each mortgage loan secured by multiple properties, for property address and similar property-specific information, the information is provided for each related property but the response for the mortgage loan will be blank at roll up.</comment>
	</commentData>
	<commentData>
		<itemNumber>Item 2(d)(8)</itemNumber>
		<fieldName> Net Rentable Square Feet Number</fieldName>
		<comment>For property types where the standard unit of measure is not square feet, this field is left blank.  For mortgage loans that are part of a loan combination, net rentable square feet is presented for the entire mortgaged property that secures the whole loan combination, including one or more companion loans not included in the trust.</comment>
	</commentData>
	<commentData>
		<itemNumber>Item 2(d)(9)</itemNumber>
		<fieldName>Net Rentable Square Feet Securitization Number</fieldName>
		<comment>For property types where the standard unit of measure is not square feet, this field is left blank.  For mortgage loans that are part of a loan combination, net rentable square feet at securitization is presented for the entire mortgaged property that secures the whole loan combination, including one or more companion loans not included in the trust.</comment>
	</commentData>
	<commentData>
		<itemNumber>Item 2(d)(10)</itemNumber>
		<fieldName>Units Beds Rooms Number</fieldName>
		<comment>For property types where the standard unit of measure is not units, beds or rooms, this field is left blank. For mortgage loans that are part of a loan combination, the units, beds or rooms number relates to the entire mortgaged property that secures the whole loan combination, including one or more companion loans not included in the trust.</comment>
	</commentData>
	<commentData>
		<itemNumber>Item 2(d)(11)</itemNumber>
		<fieldName>Units Beds Rooms Securitization Number</fieldName>
		<comment>For property types where the standard unit of measure is not units, beds or rooms, this field is left blank. For mortgage loans that are part of a loan combination, the units, beds or rooms securitization number relates to the entire mortgaged property that secures the whole loan combination, including one or more companion loans not included in the trust.</comment>
	</commentData>
	<commentData>
		<itemNumber>Item 2(d)(14)</itemNumber>
		<fieldName>Valuation Securitization Amount</fieldName>
		<comment>For mortgage loans that are part of a loan combination, the valuation securitization amount relates to the entire mortgaged property that secures the whole loan combination, including one or more companion loans not included in the trust.</comment>
	</commentData>
	<commentData>
		<itemNumber>Item 2(d)(28)(iv)</itemNumber>
		<fieldName>Revenue Securitization Amount</fieldName>
		<comment>For mortgage loans that are part of a loan combination, the revenue securitization amount is presented for the entire mortgaged property that secures the whole loan combination, including one or more companion loans not included in the trust.</comment>
	</commentData>
	<commentData>
		<itemNumber>Item 2(d)(28)(vi)</itemNumber>
		<fieldName>Operating Expenses Securitization Amount</fieldName>
		<comment>For mortgage loans that are part of a loan combination, the total underwritten operating expenses securitization amount are presented for the entire mortgaged property that secures the whole loan combination, including one or more companion loans not included in the trust.</comment>
	</commentData>
	<commentData>
		<itemNumber>Item 2(d)(28)(viii)</itemNumber>
		<fieldName>Net Operating Income Securitization Amount</fieldName>
		<comment>For mortgage loans that are part of a loan combination, the net operating income securitization amount is presented for the entire mortgaged property that secures the whole loan combination, including one or more companion loans not included in the trust.</comment>
	</commentData>
	<commentData>
		<itemNumber>Item 2(d)(28)(x)</itemNumber>
		<fieldName>Net Cash Flow Securitization Amount</fieldName>
		<comment>For mortgage loans that are part of a loan combination, the net cash flow securitization amount is presented for the entire mortgaged property that secures the whole loan combination, including one or more companion loans not included in the trust.</comment>
	</commentData>
	<commentData>
		<itemNumber>Item 2(d)(28)(xv)</itemNumber>
		<fieldName>Debt Service Coverage Net Operating Income Securitization Percentage</fieldName>
		<comment>For mortgage loans that are part of a loan combination, the net operating income debt service coverage ratio securitization percentage is calculated based on the subject mortgage loan and any related pari passu companion loans not included in the trust, but without regard to any subordinate companion loans.</comment>
	</commentData>
	<commentData>
		<itemNumber>Item 2(d)(28)(xvii)</itemNumber>
		<fieldName>Debt Service Coverage Net Cash Flow Securitization Percentage</fieldName>
		<comment>For mortgage loans that are part of a loan combination, the net cash flow debt service coverage ratio securitization percentage is calculated based on the subject mortgage loan and any related pari passu companion loans not included in the trust, but without regard to any subordinate companion loans.</comment>
	</commentData>
	<commentData>
		<itemNumber>Item 2(e)(3)</itemNumber>
		<fieldName>Report Period Beginning Schedule Loan Balance Amount</fieldName>
		<comment>With respect to each mortgage loan, the principal balance shown reflects the principal balance as of the mortgage loan payment due date in October 2022 (or for mortgage loans having an initial payment due date subsequent to October 2022, the principal balance as of the mortgage loan origination date).</comment>
	</commentData>
	<commentData>
		<itemNumber>Item 2(e)(6)</itemNumber>
		<fieldName>Servicer Trustee Fee Rate Percentage</fieldName>
		<comment>It should be noted that the rate presented consists of (i) the master servicing fee rate, which includes any primary servicing fee rate payable to an outside servicer (for a loan combination) or other primary servicer, and any subservicing fee rate, (ii) the certificate administrator / trustee fee rate payable to the certificate administrator and the trustee, (iii) the operating advisor fee rate and (iv) the CREFC(R) intellectual property royalty license fee rate.</comment>
	</commentData>
	<commentData>
		<itemNumber>Item 2(e)(12)</itemNumber>
		<fieldName>Report Period End Actual Balance Amount</fieldName>
		<comment>With respect to each mortgage loan, the principal balance shown reflects the principal balance as of the Cut-off Date, assuming that any payment due on the Cut-off Date is made, and that no voluntary principal prepayments or casualty or condemnation proceeds are received.</comment>
	</commentData>
	<commentData>
		<itemNumber>Item 2(e)(13)</itemNumber>
		<fieldName>Report Period End Scheduled Loan Balance Amount</fieldName>
		<comment>With respect to each mortgage loan, the principal balance shown reflects the principal balance as of the Cut-off Date, assuming that any payment due on the Cut-off Date is made, and that no voluntary principal prepayments or casualty or condemnation proceeds are received.</comment>
	</commentData>
	<commentData>
		<itemNumber>Item 2(f)(1)</itemNumber>
		<fieldName>Primary Servicer Name</fieldName>
		<comment>The primary servicer names have been truncated due to EDGAR constraints. The full name for Wells Fargo, is Wells Fargo Bank, National Association, and the full name for Midland Loan Services is Midland Loan Services, a Division of PNC Bank, National Association.</comment>
	</commentData>
</comments>